file_id,window,rms,mean,std,peak,peak_to_peak,skewness,kurtosis,crest_factor,dominant_frequency_hz,spectral_centroid_hz,spectral_bandwidth_hz,spectral_energy,label
97,0,0.07408178260912789,0.011622154307692308,0.0731644452161996,0.27286892307692306,0.5202867692307692,-0.08584997891057213,-0.13040061392983615,3.6833471531947435,1036.0,1118.0487931027185,1093.974644646176,385418.5952238864,normal
97,1,0.07276237214851185,0.011355474307692306,0.07187082860191521,0.2492953846153846,0.4967132307692308,-0.09855632328166637,-0.19801446595842487,3.426158016214199,1036.0,1120.983740217325,1090.2168684954734,371909.95296438766,normal
97,2,0.07333700625986242,0.011941214153846153,0.07235830216147339,0.2482523076923077,0.4864910769230769,-0.0729545821320006,-0.26899751186204846,3.3850891978416766,1036.0,1131.2055684227562,1113.355136140116,376972.1223472257,normal
97,3,0.07398561808805625,0.011265630615384615,0.07312289142744167,0.28663753846153844,0.5348898461538462,-0.09273481070031597,-0.2510968392437145,3.8742332073294032,1036.0,1125.1226525200827,1106.612407136054,384980.92205597454,normal
97,4,0.07319341399928883,0.010432977076923077,0.07244604090068475,0.28663753846153844,0.5182006153846154,-0.10470668506803697,-0.2704051256693858,3.916165714914234,1036.0,1126.5325877862924,1110.4385623622165,377886.87684196694,normal
97,5,0.07254804290725295,0.011797426000000001,0.07158239496864532,0.2526332307692308,0.49274953846153846,-0.05668042078744437,-0.26619411071078103,3.482288710285442,1036.0,1137.0288063693547,1128.5215722762844,368930.8288598893,normal
97,6,0.0733229099538678,0.013107652307692308,0.07214179492557456,0.25367630769230765,0.49379261538461533,-0.008049865653415993,-0.1703184214516278,3.459714130984598,1036.0,1144.036578082535,1119.8074886172128,374719.5775066422,normal
97,7,0.07379592018595303,0.013037957384615384,0.07263504321832887,0.31125415384615385,0.5330123076923077,0.01047999891481608,-0.1172687384500617,4.217769126827701,1036.0,1138.0435805688112,1111.2715678371446,379861.16426334897,normal
97,8,0.07317041700802927,0.013090545846153847,0.07198991272795546,0.31125415384615385,0.5346812307692308,0.03758335541427453,-0.12351659374270652,4.253825064465585,1036.0,1124.807366666015,1106.7705072563047,373143.42257879203,normal
97,9,0.07233925816884915,0.012930989846153847,0.07117413697417113,0.27140861538461536,0.535932923076923,0.030204408112807474,-0.1518031097472261,3.7518855218436538,1036.0,1145.4439285411831,1098.7500834801256,364734.55993828614,normal
97,10,0.07255500099798862,0.012202643999999999,0.07152149082078332,0.26452430769230767,0.5015113846153846,-0.012191538825384875,-0.17402124840625488,3.6458452767389646,1036.0,1154.6453709183254,1107.9878453212975,368303.30387555406,normal
97,11,0.07234100714261553,0.012014020923076922,0.07133641857892659,0.2369870769230769,0.46729846153846155,-0.023494942394165295,-0.2050122451255647,3.275971489529756,1036.0,1151.6694013567358,1105.178138858721,366399.69271880906,normal
97,12,0.07151216977567454,0.012171525538461538,0.07046874762681311,0.24616615384615384,0.49212369230769226,-0.043239700322298104,-0.23504244920089779,3.4422973686625475,1036.0,1142.0181011479986,1098.452245719317,357540.7962807219,normal
97,13,0.07251642167709708,0.013010089846153846,0.07133981339368334,0.24616615384615384,0.49212369230769226,-0.03771351223606324,-0.3076991221410257,3.3946263226043967,1036.0,1133.0044779474106,1107.81290113617,366434.56758513936,normal
97,14,0.07420304568538647,0.013086529999999999,0.07303995291309168,0.2628553846153846,0.48857723076923076,-0.01991991985362311,-0.35918701520784646,3.5423799951536394,1036.0,1116.7665982174522,1100.531542637442,384108.0999592142,normal
97,15,0.07345311207236851,0.012973738615384613,0.07229828337834589,0.2641070769230769,0.48044123076923073,-0.019389377959745584,-0.3200277898952204,3.595587300138755,1036.0,1123.5858245933644,1118.855827276405,376347.00830900756,normal
97,16,0.07126140512660105,0.013113789076923076,0.07004438875929701,0.2641070769230769,0.48044123076923073,-0.026694782789983825,-0.31548709763591365,3.7061727375971825,1036.0,1141.807814645982,1128.3613930703311,353247.5819970131,normal
97,17,0.07083987956386209,0.012187884461538461,0.06978355113473858,0.23761292307692305,0.45040061538461534,-0.022680657046692917,-0.30380876395400414,3.3542253959186255,1036.0,1125.9107226099684,1109.805060461626,350621.5691555608,normal
97,18,0.07248653701791728,0.011767663538461539,0.07152496168258642,0.24866953846153847,0.4839876923076923,-0.022541142696253725,-0.17460032463654285,3.430561711067424,1036.0,1115.0479729638332,1108.3825457543028,368339.05178331153,normal
97,19,0.07306171809377403,0.012699635384615384,0.07194952336125605,0.24866953846153847,0.4839876923076923,-0.03623667740928525,-0.14101877133712293,3.4035544872127623,1036.0,1110.4562036606164,1086.1211192967137,372724.8417833458,normal
97,20,0.07330325680687376,0.01385734646153846,0.07198153518465254,0.24595753846153845,0.47439138461538455,-0.03402166224956261,-0.28616886831720567,3.355342575153832,1036.0,1104.2275530714871,1078.8961133254481,373056.58164582367,normal
97,21,0.07456446621316072,0.013798864615384614,0.07327653756134955,0.24595753846153845,0.45728492307692303,-0.04049744778774486,-0.4167084839317079,3.298589139743974,1036.0,1095.7685856275768,1078.7728087241553,386600.4689150846,normal
97,22,0.07503199020403443,0.013555723384615383,0.07379730291479568,0.2561796923076923,0.5069353846153846,-0.05810474290583567,-0.40205358348030096,3.414272920271247,1036.0,1109.2088514819186,1109.8375961209113,392115.02048734366,normal
97,23,0.07588715071208108,0.01382845323076923,0.07461657674030975,0.26535876923076923,0.5161144615384615,-0.07208575808783439,-0.34270450390878615,3.496754941262074,1036.0,1092.0742424305047,1077.1062368054763,400869.61389225133,normal
97,24,0.07602738784616685,0.013669210153846152,0.07478847769865,0.26535876923076923,0.500676923076923,-0.062482099802874336,-0.3080027994926393,3.4903049644122173,1036.0,1089.034513947403,1080.750232147624,402718.7806723525,normal
97,25,0.07493929339367175,0.012935892307692303,0.07381436435102996,0.24574892307692306,0.4733483076923076,-0.037771186767555594,-0.2013889968980509,3.2793066487290274,1036.0,1101.765726926331,1103.3156939419252,392296.34883846936,normal
97,26,0.07495519372346413,0.011929844615384615,0.07399972887500882,0.25847446153846154,0.4892030769230769,-0.04447429558906942,-0.1405858943147722,3.448386278502115,1036.0,1096.2694910493747,1075.6402769243857,394269.11089747347,normal
97,27,0.07505573109681528,0.012038185538461537,0.07408403916781954,0.25847446153846154,0.4892030769230769,-0.04832669632062652,-0.20267260792972852,3.4437671549032314,1036.0,1098.1212138134583,1070.473711081536,395168.0299672991,normal
97,28,0.07435476543128615,0.01260389830769231,0.07327873422617873,0.25951753846153847,0.5031803076923077,-0.049690960289336214,-0.18698695365659557,3.4902610068936033,1036.0,1114.8685472528507,1081.1148043029737,386623.64849756163,normal
97,29,0.07359107429094403,0.010569463692307693,0.07282810345294069,0.27328615384615385,0.513611076923077,-0.09668273502830792,-0.14111797673591964,3.7135774477990453,1036.0,1109.9426160644264,1073.7110025884083,381883.15098689403,normal
97,30,0.07436039597080245,0.009594482307692307,0.0737388255817918,0.27328615384615385,0.5317606153846154,-0.09554118642018208,-0.17907530556757578,3.675157323711125,1036.0,1116.3199197226877,1080.2226085204677,391493.8366873979,normal
97,31,0.07488615611232637,0.01121420692307692,0.07404173107353805,0.25847446153846154,0.48982892307692305,-0.06422062607270454,-0.2524266798076904,3.4515653487509725,1036.0,1107.9147097763282,1089.9671364637106,394716.8118710641,normal
97,32,0.07549801082782506,0.01309576123076923,0.07435355187713007,0.25972615384615383,0.4906633846153846,-0.033043483016489995,-0.32297276668382224,3.4401721449120726,1036.0,1099.14470006967,1086.2264937714033,398048.4487361771,normal
97,33,0.07672772253248873,0.014149251538461539,0.07541181661996961,0.25972615384615383,0.48190153846153844,0.0026413512261099347,-0.3372120213183827,3.385036663067619,1036.0,1095.7219299620097,1088.5139702275994,409459.83039126405,normal
97,34,0.07551124213359234,0.01418553323076923,0.07416682772990062,0.24866953846153847,0.47084492307692305,0.019715272167420732,-0.27644978089170946,3.2931459135793237,1036.0,1103.2877135362764,1097.499786859911,396051.7202964714,normal
97,35,0.07401918797113217,0.013993589692307691,0.07268438371087106,0.2605606153846154,0.4816929230769231,0.037279514911331864,-0.2166138944738547,3.520176626177461,1036.0,1113.753634480084,1093.190851588238,380377.4140094307,normal
97,36,0.07374548807810269,0.013653616153846153,0.07247051661055699,0.2605606153846154,0.4919150769230769,0.013572768866117274,-0.18070760440203593,3.5332414521232773,1036.0,1129.1890045104258,1103.0674192051215,378142.2566379628,normal
97,37,0.07337123295224718,0.013665802769230767,0.07208733355871479,0.24741784615384615,0.4796067692307692,-0.0030780009502494074,-0.1513124421271268,3.372136956112966,1036.0,1143.1279878167807,1105.289124320042,374154.0262493886,normal
97,38,0.07287961529744398,0.01294720969230769,0.07172034639547445,0.2438713846153846,0.48690830769230764,-0.00012702239840992557,-0.2006018883516818,3.346222172277817,1036.0,1144.7558004239818,1097.987279649734,370354.18227201543,normal
98,0,0.06511429192940689,0.010946223076923079,0.06418762508317517,0.22780799999999998,0.43934399999999996,-0.19870671116339153,-0.06752873885206334,3.498586765666992,90.0,1127.8129035661948,1099.0189066760465,296643.6884673439,normal
98,1,0.06585521537387962,0.011559430615384616,0.06483277686315911,0.22780799999999998,0.43934399999999996,-0.14941229646787915,-0.06456944503272899,3.4592248876063394,90.0,1105.049126534025,1086.001421722468,302636.8048608133,normal
98,2,0.0657402991655553,0.010423154769230768,0.06490874193075515,0.22342707692307692,0.4270356923076923,-0.16904764559000315,-0.14445063232348376,3.3986318857542073,90.0,1105.4898949958172,1108.0277183028575,303346.42494348926,normal
98,3,0.06631381889983592,0.009920113538461539,0.0655676286323081,0.23844738461538462,0.46145723076923073,-0.19429306603197666,-0.15940347414958866,3.5957420123179573,90.0,1131.3415238411696,1128.7670551852625,309536.2059737732,normal
98,4,0.06565163980605258,0.009822916153846154,0.06491261916960506,0.25138153846153843,0.4785636923076923,-0.209642534877188,-0.08035090217847829,3.8290214715758397,90.0,1126.92710063233,1100.552586075953,303382.6659379207,normal
98,5,0.06532986599283007,0.010072837384615386,0.06454865868214638,0.25138153846153843,0.4785636923076923,-0.16910882764978144,-0.04630786266345188,3.8478808220596608,90.0,1124.9103687319782,1098.620437098385,299990.1128481914,normal
98,6,0.0672713122004602,0.011164452153846156,0.06633840858263233,0.23239753846153846,0.45957969230769236,-0.1966884708939729,-0.12422332899898159,3.454630671823711,90.0,1122.3590774258253,1108.7259522536585,316856.4820287391,normal
98,7,0.0664395045466317,0.012684910615384614,0.06521733517310867,0.23239753846153846,0.4368406153846154,-0.22719479258574865,-0.15717605979728555,3.49788187084427,90.0,1109.9774627770853,1095.3489250255448,306237.65810989664,normal
98,8,0.0651417529049282,0.011872736153846153,0.06405065267230206,0.22154953846153846,0.4259926153846154,-0.18634349702201716,-0.10708599442731881,3.401037408141,90.0,1131.7498044430934,1120.0003351382136,295379.0039133686,normal
98,9,0.06471132530862633,0.010069516923076923,0.06392308231096754,0.22154953846153846,0.4207772307692308,-0.1751099202699243,-0.15590278207894226,3.4236594198141828,90.0,1123.3660422129237,1101.989335640371,294203.55384921527,normal
98,10,0.06534257307674601,0.009148653846153846,0.06469894890253741,0.26911384615384615,0.490872,-0.23204913227782434,-0.1156702899266211,4.118507023556711,90.0,1109.824690440919,1085.3610919394193,301388.68723176664,normal
98,11,0.06691549699573573,0.009684326,0.06621100790738685,0.26911384615384615,0.490872,-0.21994288656024583,-0.04499946190964543,4.021696889899745,90.0,1107.230521482237,1083.1823810344133,315640.6256327941,normal
98,12,0.06701703785828314,0.01051287676923077,0.06618733100324807,0.25138153846153843,0.4958787692307692,-0.13376722284610906,-0.10904835828517356,3.7510093924640433,90.0,1114.3056500388393,1089.0035154635298,315414.92065370677,normal
98,13,0.06544995495956249,0.009914115846153846,0.06469472089125819,0.25138153846153843,0.49462707692307684,-0.1297188334366395,-0.11948326288213806,3.8408206486444745,90.0,1125.0364107785554,1093.8020497525092,301349.2976769403,normal
98,14,0.06520453538471223,0.009755150923076923,0.06447067911232346,0.24324553846153843,0.4562418461538461,-0.1781884155154018,-0.12990528982889105,3.73050029459407,90.0,1133.5579775722586,1111.4273511807148,299265.7318787691,normal
98,15,0.06659658687554419,0.010301810153846154,0.06579497010430217,0.2415766153846154,0.46312615384615385,-0.187740936876026,-0.10022774591887984,3.6274624078869713,90.0,1110.1244580817604,1085.6511715126776,311686.4225820744,normal
98,16,0.06656362490929399,0.011471325384615384,0.06556771198528634,0.2415766153846154,0.46312615384615385,-0.14538489329460025,-0.14285128899191646,3.629258708698797,90.0,1108.5872613070892,1090.9408576064266,309536.9897236561,normal
98,17,0.06637203697324534,0.01279966646153846,0.06512615319862837,0.22968553846153844,0.43558892307692304,-0.13447748200905854,-0.1796050838578127,3.4605769076233868,90.0,1129.7515596463104,1112.336218889121,305381.9422491257,normal
98,18,0.06633766923789959,0.012427861692307692,0.0651631384578263,0.2290596923076923,0.4418473846153846,-0.1781759867147475,-0.16745788303864773,3.452935488074511,90.0,1118.2947988059627,1089.489962667263,305728.89324730594,normal
98,19,0.0666070390783657,0.011531406615384614,0.06560125239854495,0.2290596923076923,0.45478153846153846,-0.20157532335490616,-0.1271766872273985,3.438971248041741,90.0,1126.0112614429227,1107.1835479080773,309853.75298488565,normal
98,20,0.06637036496283473,0.011690667076923077,0.0653326384634543,0.235944,0.44309907692307693,-0.14748730332268117,-0.08385803493814858,3.5549601110694664,90.0,1132.3894479811067,1110.6616859873272,307321.46445403254,normal
98,21,0.06582247619185388,0.011759318923076923,0.06476354522794854,0.25534523076923077,0.471888,-0.11492959424975312,-0.08150843297487542,3.8793015021946564,90.0,1112.5693822786195,1097.718889129991,301990.80891565845,normal
98,22,0.0657373427245707,0.011796765384615384,0.06467019835247151,0.25534523076923077,0.471888,-0.16523511904750546,-0.1178388459713986,3.8843254105826546,90.0,1139.641462165987,1140.4673630247682,301120.89166787034,normal
98,23,0.06493804252330837,0.010981131384615386,0.06400284462641344,0.23239753846153846,0.4599969230769231,-0.1830587030456792,-0.16241500705567624,3.5787579888649006,90.0,1146.409822479626,1128.9168579220118,294938.2187239016,normal
98,24,0.06586026594193238,0.009862692153846154,0.06511760079594855,0.2342750769230769,0.46667261538461535,-0.1076997463536988,-0.11154483486005118,3.557153521512232,90.0,1126.9503509318606,1111.6533965057138,305301.73977032333,normal
98,25,0.06670651430254786,0.010687887692307692,0.06584472725338485,0.3079163076923077,0.5421913846153846,-0.17667189359889296,0.027795326217126437,4.615985573699012,90.0,1127.0917309768479,1116.2076720922823,312158.02625438885,normal
98,26,0.06707195717529559,0.012271817384615384,0.06593974474778726,0.3079163076923077,0.5651390769230769,-0.23154043026458393,0.07538510694546252,4.590835285864024,90.0,1126.0876822519067,1104.2014314988255,313059.5965558297,normal
98,27,0.06834682316953487,0.013247841846153846,0.06705059972727286,0.2572227692307692,0.48857723076923076,-0.18587499828323767,-0.09662801617135885,3.7634926877687636,90.0,1112.468300301562,1087.0557556872996,323696.3705809013,normal
98,28,0.06793455542028422,0.012731727384615385,0.06673085446744634,0.23093723076923076,0.46020553846153844,-0.20366755565255268,-0.08784146686817662,3.399407405266929,90.0,1125.5939856202888,1097.606619338519,320616.50019160775,normal
98,29,0.06665699662619888,0.012437284153846154,0.06548640440657569,0.29039261538461536,0.519660923076923,-0.1970668089401177,0.0018360973931685898,4.356521146806056,90.0,1126.0990658525175,1106.0541225895734,308769.78019410203,normal
98,30,0.06612832239131078,0.013287322307692306,0.06477964254440309,0.29039261538461536,0.5394793846153846,-0.16723158437237376,0.14027706269396045,4.391350103609657,90.0,1135.3199943691102,1125.5687363808272,302140.9519946202,normal
98,31,0.06591931952444065,0.014648381230769229,0.06427115693593316,0.24908676923076922,0.4946270769230769,-0.12915163051312803,0.018234642275423152,3.778661112216371,90.0,1119.5366952011182,1106.4159123388163,297416.27670234855,normal
98,32,0.06680821468944594,0.016107106923076923,0.06483747879552125,0.23156307692307693,0.46124861538461537,-0.16774296862642066,-0.14654586430593897,3.4660868876602122,90.0,1125.7225280542293,1099.7668813885623,302680.70341506455,normal
98,33,0.0683410496011039,0.01625562369230769,0.06637961855083704,0.2424110769230769,0.4739741538461538,-0.13906341465441358,-0.053824569963958346,3.5470786348467387,90.0,1121.526612885809,1104.317814746002,317250.2714302761,normal
98,34,0.06761385720198672,0.01547095169230769,0.06582008310132198,0.2424110769230769,0.44768861538461535,-0.11473427742380607,-0.043079047680261606,3.585227747012103,90.0,1110.9662226245312,1095.3386540925048,311924.4004470457,normal
98,35,0.0663223088588769,0.014878031999999998,0.06463197982561912,0.2641070769230769,0.4752258461538461,-0.15225674924048613,-0.06675109638596233,3.9821755524985396,90.0,1118.0758666807942,1099.647726999812,300765.08290417015,normal
98,36,0.06699556506091921,0.016232206615384614,0.06499939389123041,0.2641070769230769,0.47918953846153844,-0.15227448417252057,-0.059442401927179755,3.942157614208101,90.0,1113.8162079602366,1093.885539655493,304194.32684943336,normal
98,37,0.06813540182851535,0.01784981030769231,0.06575573932602884,0.2705741538461538,0.5336381538461538,-0.17045654527497348,-0.01836519225064892,3.9711243580413695,90.0,1103.8123452407838,1087.9229786843136,311314.8425324869,normal
98,38,0.06670083679369064,0.017212994461538463,0.06444155841260825,0.2705741538461538,0.5013027692307692,-0.1522157409061757,-0.05196875131054002,4.0565331239104925,90.0,1109.672660756076,1094.4056014171329,298995.4404779051,normal
98,39,0.0659774247611028,0.016200497076923077,0.06395752084444478,0.23093723076923076,0.4549901538461538,-0.1461986218462625,-0.09935998309776872,3.5002462070235354,90.0,1137.5927896215176,1114.5983226640656,294520.64374307264,normal
98,40,0.06755691686341535,0.015159193384615384,0.06583415429712944,0.23615261538461538,0.46020553846153844,-0.16630868208583185,-0.04656953340732528,3.495609722126041,90.0,1121.6222356692413,1104.1550274222498,312057.78411288117,normal
98,41,0.06699686178708009,0.012308968307692306,0.06585642556742158,0.23615261538461538,0.45832799999999996,-0.16160514360217013,-0.052277913819297694,3.52483100081795,90.0,1101.5432030112192,1081.56336135287,312268.9528320879,normal
98,42,0.06554440793542711,0.009616421692307692,0.06483512817478959,0.23823876923076923,0.46667261538461535,-0.1564641841644086,-0.07486016091488512,3.6347688038539725,90.0,1096.078316953464,1085.7339259437517,302658.7568984366,normal
98,43,0.06444900264653455,0.00786069723076923,0.0639678308306542,0.23823876923076923,0.46667261538461535,-0.1547777455285339,-0.09621361776238713,3.696547028623094,90.0,1113.3039297897694,1108.1175872736012,294615.60401597637,normal
98,44,0.06586735136041996,0.007889885999999999,0.06539310112040889,0.22697353846153845,0.45373846153846153,-0.14878894622212963,-0.034126792460053235,3.445918710463406,90.0,1108.0934587582387,1091.6586285600422,307890.55254204705,normal
98,45,0.06684599354662128,0.010091664923076922,0.06607983922737157,0.23010276923076922,0.45707630769230767,-0.12996222936118954,-0.04546680910372558,3.4422821327397224,90.0,1108.8061536932792,1106.5708049306731,314391.25239277544,normal
98,46,0.06585732579011627,0.010628362769230768,0.06499404022732502,0.23010276923076922,0.4410129230769231,-0.12698313602463035,-0.1895155664381596,3.4939585910927247,90.0,1100.3435772143177,1094.3589867020103,304144.2193389332,normal
98,47,0.06522868429444792,0.010312623384615385,0.06440831509760088,0.23844738461538462,0.4504006153846154,-0.15643125732720162,-0.13866383978529795,3.6555602369505493,90.0,1110.7960446364748,1106.1937366155055,298687.03716276714,normal
98,48,0.06584493365474035,0.010898311076923076,0.06493675464378995,0.23844738461538462,0.4520695384615384,-0.16835547233868084,-0.04603665033717119,3.621347480820465,90.0,1106.2571161913406,1093.286857429521,303608.3116176197,normal
98,49,0.0670892131176811,0.011128309538461539,0.06615983104245218,0.23093723076923076,0.4418473846153846,-0.17192765042101385,-0.0748241808009773,3.442240861644093,90.0,1105.960405706037,1099.727353881022,315152.8735681607,normal
98,50,0.06735573239817513,0.011183975076923076,0.0664207301102099,0.23093723076923076,0.4493575384615384,-0.1901783492878278,-0.0710202527356043,3.428620290312329,90.0,1127.0870364364382,1120.4353525781742,317643.3659474969,normal
98,51,0.06649804733786777,0.011104562153846156,0.06556431193203105,0.24282830769230768,0.4668812307692307,-0.1828998718781051,0.01811910202393685,3.6516607240890733,90.0,1114.5183372027475,1111.747805699487,309504.88961840264,normal
98,52,0.06565930685762826,0.010943545846153846,0.06474089419630623,0.24282830769230768,0.45707630769230767,-0.16910195871286263,-0.006597360688434417,3.6983075105992538,90.0,1116.0004622218191,1113.4543606476072,301779.6064031387,normal
98,53,0.06541160290226496,0.011913989846153845,0.06431745206543353,0.22488738461538463,0.4458110769230769,-0.17156166047769678,-0.15915199708869965,3.438035067744803,90.0,1114.0680926196437,1106.5788354569902,297844.8947986626,normal
98,54,0.06586033604162478,0.013343057384615383,0.06449454770092275,0.2415766153846154,0.4504006153846154,-0.17738229995253924,-0.10570902567344431,3.668013707551312,90.0,1115.2772082275492,1101.109167617876,299487.36118657695,normal
98,55,0.06722511136657087,0.013601914307692307,0.06583466811197618,0.2415766153846154,0.47439138461538466,-0.16264986890956368,0.04575297909889242,3.5935472693726846,90.0,1106.5520915452125,1096.1996354581868,312062.653905559,normal
98,56,0.06753765279154537,0.01437714646153846,0.06598963709715949,0.23281476923076924,0.455616,-0.1678614115388864,0.06501839108214691,3.447184786675232,90.0,1121.8686209898278,1104.9638166948216,313533.5210160521,normal
98,57,0.06602206711534915,0.015280677076923077,0.06422938777735987,0.24282830769230768,0.46396061538461536,-0.21500138395664029,0.029481766660232278,3.6779870473921243,90.0,1135.918568327119,1116.000718952942,297029.8264287227,normal
98,58,0.06573445100528454,0.014794603230769232,0.06404793333285834,0.2438713846153846,0.4683415384615385,-0.21199625207903708,0.01583887695412134,3.709947841441305,90.0,1141.6942333833458,1132.095365560158,295353.92041598714,normal
98,59,0.06681069789326402,0.014096002461538462,0.06530675361392033,0.2438713846153846,0.4687587692307692,-0.16458501603872844,-0.05026880286939317,3.6501846606211275,90.0,1121.39267399262,1103.1242067260484,307077.9888834892,normal
98,60,0.06703403242236053,0.014237461076923075,0.06550462735475397,0.2438713846153846,0.4798153846153846,-0.13759233902693613,-0.11575081911520702,3.638023490498484,90.0,1107.1495538738443,1094.6813495681176,308941.649402146,normal
98,61,0.0669905538793045,0.014892774153846152,0.06531416069321057,0.2438713846153846,0.4798153846153846,-0.16611443142764268,-0.13381352123383117,3.6403846586305684,90.0,1098.291714620057,1084.901846535206,307147.6509119677,normal
98,62,0.0668436080949647,0.015264213846153845,0.0650774286432102,0.24011630769230768,0.46708984615384613,-0.21513522814182637,-0.11048580906299144,3.592210452661001,90.0,1108.1713795319995,1087.62229753892,304925.1639080122,normal
98,63,0.06788402739267024,0.01519225892307692,0.06616219799751966,0.24011630769230768,0.4766861538461538,-0.2125610644376946,-0.04146101815022529,3.537154716872826,90.0,1098.0953540664038,1087.1896018620737,315175.42415452126,normal
98,64,0.06724761041078986,0.01484481,0.06558866306020632,0.23656984615384613,0.47272246153846154,-0.1640168185793621,-0.10428351547748971,3.517892230054446,90.0,1102.4160089108195,1096.0197702929236,309734.8366675445,normal
98,65,0.06596371857739326,0.014817446615384616,0.06427795457509336,0.2238443076923077,0.43225107692307696,-0.15187049613468667,-0.12513511852215053,3.393445859630819,90.0,1112.506859030835,1101.28684685,297479.19210345217,normal
98,66,0.06555817088764151,0.015517299076923076,0.06369526826610065,0.2238443076923077,0.44122153846153844,-0.15957366035291187,-0.114133199096909,3.4144379664885522,90.0,1130.789698317276,1123.8732489900294,292110.2809383319,normal
98,67,0.06521894529983822,0.015435539230769232,0.06336603944289618,0.23218892307692307,0.44956615384615384,-0.1575750049477679,-0.1019398864834451,3.5601453229495728,90.0,1131.6108019543378,1122.2554807106815,289098.3591789017,normal
98,68,0.06505846037352439,0.015255156461538463,0.06324463192641273,0.23218892307692307,0.44831446153846155,-0.13226957312356621,-0.09964108005075811,3.568927419183326,90.0,1110.3367600527376,1097.4671108974728,287991.60966543056,normal
98,69,0.06637845452517746,0.015312160615384618,0.0645882107078352,0.25847446153846154,0.5073526153846154,-0.18178774435001943,-0.07667437482465234,3.893951183217466,90.0,1117.165762146368,1108.2896190455137,300357.8632022004,normal
98,70,0.06731875339972276,0.01441687030769231,0.06575688868722322,0.25847446153846154,0.5073526153846154,-0.208861512533536,-0.07546441549768357,3.839561021038248,90.0,1118.9949325374298,1099.492709235419,311325.7262360453,normal
98,71,0.06737133647688219,0.013326229076923076,0.06604020440058198,0.26076923076923075,0.47376553846153846,-0.1891974999674656,-0.09094638630810303,3.870625764693137,90.0,1120.9195463654185,1093.8493680683805,314014.2190437212,normal
98,72,0.06692900528768493,0.011389304769230769,0.06595282773067836,0.26076923076923075,0.47626892307692303,-0.19052342259195218,-0.06692285034960532,3.896206579618968,90.0,1107.1898031663277,1091.2141164436734,313183.8353084255,normal
98,73,0.06457763783971321,0.010398294769230768,0.06373497293362057,0.2236356923076923,0.4391353846153846,-0.1804796359667643,-0.1310592297689661,3.463051604067243,90.0,1113.0068902233475,1096.1634714580528,292474.5679576639,normal
98,74,0.0638492055182944,0.011075860153846154,0.06288120837873458,0.2236356923076923,0.4314166153846154,-0.1979509721036338,-0.1522454260007633,3.5025602980073898,90.0,1151.6065539477186,1116.6076240567722,284691.3386244323,normal
98,75,0.06474327430615212,0.011480208923076924,0.06371731609981827,0.22718215384615387,0.4426818461538462,-0.18747944137322511,-0.07932222578124515,3.508969175267156,90.0,1133.24366376287,1107.2805036853058,292312.5400477583,normal
98,76,0.06644629494792861,0.011927132615384617,0.0653670683133499,0.22718215384615387,0.4433076923076923,-0.15780147785608342,-0.08841159595371195,3.419034184286539,90.0,1121.6302106571823,1106.0169402567692,307645.4607047162,normal
98,77,0.0669512823989051,0.01263765923076923,0.06574772835638425,0.24720923076923076,0.46729846153846155,-0.19524203108242946,-0.060311369563867956,3.69237484199815,90.0,1107.8780306899048,1092.8873310590952,311238.9925361585,normal
98,78,0.06645601457586477,0.01461960969230769,0.06482799461461178,0.24720923076923076,0.4839876923076923,-0.22652548074902326,-0.0031092347267764886,3.7198925085557453,90.0,1121.331759681973,1107.3369177707332,302592.1603242729,normal
99,0,0.06511429192940689,0.010946223076923079,0.06418762508317517,0.22780799999999998,0.43934399999999996,-0.19870671116339153,-0.06752873885206334,3.498586765666992,90.0,1127.8129035661948,1099.0189066760465,296643.6884673439,normal
99,1,0.06585521537387962,0.011559430615384616,0.06483277686315911,0.22780799999999998,0.43934399999999996,-0.14941229646787915,-0.06456944503272899,3.4592248876063394,90.0,1105.049126534025,1086.001421722468,302636.8048608133,normal
99,2,0.0657402991655553,0.010423154769230768,0.06490874193075515,0.22342707692307692,0.4270356923076923,-0.16904764559000315,-0.14445063232348376,3.3986318857542073,90.0,1105.4898949958172,1108.0277183028575,303346.42494348926,normal
99,3,0.06631381889983592,0.009920113538461539,0.0655676286323081,0.23844738461538462,0.46145723076923073,-0.19429306603197666,-0.15940347414958866,3.5957420123179573,90.0,1131.3415238411696,1128.7670551852625,309536.2059737732,normal
99,4,0.06565163980605258,0.009822916153846154,0.06491261916960506,0.25138153846153843,0.4785636923076923,-0.209642534877188,-0.08035090217847829,3.8290214715758397,90.0,1126.92710063233,1100.552586075953,303382.6659379207,normal
99,5,0.06532986599283007,0.010072837384615386,0.06454865868214638,0.25138153846153843,0.4785636923076923,-0.16910882764978144,-0.04630786266345188,3.8478808220596608,90.0,1124.9103687319782,1098.620437098385,299990.1128481914,normal
99,6,0.0672713122004602,0.011164452153846156,0.06633840858263233,0.23239753846153846,0.45957969230769236,-0.1966884708939729,-0.12422332899898159,3.454630671823711,90.0,1122.3590774258253,1108.7259522536585,316856.4820287391,normal
99,7,0.0664395045466317,0.012684910615384614,0.06521733517310867,0.23239753846153846,0.4368406153846154,-0.22719479258574865,-0.15717605979728555,3.49788187084427,90.0,1109.9774627770853,1095.3489250255448,306237.65810989664,normal
99,8,0.0651417529049282,0.011872736153846153,0.06405065267230206,0.22154953846153846,0.4259926153846154,-0.18634349702201716,-0.10708599442731881,3.401037408141,90.0,1131.7498044430934,1120.0003351382136,295379.0039133686,normal
99,9,0.06471132530862633,0.010069516923076923,0.06392308231096754,0.22154953846153846,0.4207772307692308,-0.1751099202699243,-0.15590278207894226,3.4236594198141828,90.0,1123.3660422129237,1101.989335640371,294203.55384921527,normal
99,10,0.06534257307674601,0.009148653846153846,0.06469894890253741,0.26911384615384615,0.490872,-0.23204913227782434,-0.1156702899266211,4.118507023556711,90.0,1109.824690440919,1085.3610919394193,301388.68723176664,normal
99,11,0.06691549699573573,0.009684326,0.06621100790738685,0.26911384615384615,0.490872,-0.21994288656024583,-0.04499946190964543,4.021696889899745,90.0,1107.230521482237,1083.1823810344133,315640.6256327941,normal
99,12,0.06701703785828314,0.01051287676923077,0.06618733100324807,0.25138153846153843,0.4958787692307692,-0.13376722284610906,-0.10904835828517356,3.7510093924640433,90.0,1114.3056500388393,1089.0035154635298,315414.92065370677,normal
99,13,0.06544995495956249,0.009914115846153846,0.06469472089125819,0.25138153846153843,0.49462707692307684,-0.1297188334366395,-0.11948326288213806,3.8408206486444745,90.0,1125.0364107785554,1093.8020497525092,301349.2976769403,normal
99,14,0.06520453538471223,0.009755150923076923,0.06447067911232346,0.24324553846153843,0.4562418461538461,-0.1781884155154018,-0.12990528982889105,3.73050029459407,90.0,1133.5579775722586,1111.4273511807148,299265.7318787691,normal
99,15,0.06659658687554419,0.010301810153846154,0.06579497010430217,0.2415766153846154,0.46312615384615385,-0.187740936876026,-0.10022774591887984,3.6274624078869713,90.0,1110.1244580817604,1085.6511715126776,311686.4225820744,normal
99,16,0.06656362490929399,0.011471325384615384,0.06556771198528634,0.2415766153846154,0.46312615384615385,-0.14538489329460025,-0.14285128899191646,3.629258708698797,90.0,1108.5872613070892,1090.9408576064266,309536.9897236561,normal
99,17,0.06637203697324534,0.01279966646153846,0.06512615319862837,0.22968553846153844,0.43558892307692304,-0.13447748200905854,-0.1796050838578127,3.4605769076233868,90.0,1129.7515596463104,1112.336218889121,305381.9422491257,normal
99,18,0.06633766923789959,0.012427861692307692,0.0651631384578263,0.2290596923076923,0.4418473846153846,-0.1781759867147475,-0.16745788303864773,3.452935488074511,90.0,1118.2947988059627,1089.489962667263,305728.89324730594,normal
99,19,0.0666070390783657,0.011531406615384614,0.06560125239854495,0.2290596923076923,0.45478153846153846,-0.20157532335490616,-0.1271766872273985,3.438971248041741,90.0,1126.0112614429227,1107.1835479080773,309853.75298488565,normal
99,20,0.06637036496283473,0.011690667076923077,0.0653326384634543,0.235944,0.44309907692307693,-0.14748730332268117,-0.08385803493814858,3.5549601110694664,90.0,1132.3894479811067,1110.6616859873272,307321.46445403254,normal
99,21,0.06582247619185388,0.011759318923076923,0.06476354522794854,0.25534523076923077,0.471888,-0.11492959424975312,-0.08150843297487542,3.8793015021946564,90.0,1112.5693822786195,1097.718889129991,301990.80891565845,normal
99,22,0.0657373427245707,0.011796765384615384,0.06467019835247151,0.25534523076923077,0.471888,-0.16523511904750546,-0.1178388459713986,3.8843254105826546,90.0,1139.641462165987,1140.4673630247682,301120.89166787034,normal
99,23,0.06493804252330837,0.010981131384615386,0.06400284462641344,0.23239753846153846,0.4599969230769231,-0.1830587030456792,-0.16241500705567624,3.5787579888649006,90.0,1146.409822479626,1128.9168579220118,294938.2187239016,normal
99,24,0.06586026594193238,0.009862692153846154,0.06511760079594855,0.2342750769230769,0.46667261538461535,-0.1076997463536988,-0.11154483486005118,3.557153521512232,90.0,1126.9503509318606,1111.6533965057138,305301.73977032333,normal
99,25,0.06670651430254786,0.010687887692307692,0.06584472725338485,0.3079163076923077,0.5421913846153846,-0.17667189359889296,0.027795326217126437,4.615985573699012,90.0,1127.0917309768479,1116.2076720922823,312158.02625438885,normal
99,26,0.06707195717529559,0.012271817384615384,0.06593974474778726,0.3079163076923077,0.5651390769230769,-0.23154043026458393,0.07538510694546252,4.590835285864024,90.0,1126.0876822519067,1104.2014314988255,313059.5965558297,normal
99,27,0.06834682316953487,0.013247841846153846,0.06705059972727286,0.2572227692307692,0.48857723076923076,-0.18587499828323767,-0.09662801617135885,3.7634926877687636,90.0,1112.468300301562,1087.0557556872996,323696.3705809013,normal
99,28,0.06793455542028422,0.012731727384615385,0.06673085446744634,0.23093723076923076,0.46020553846153844,-0.20366755565255268,-0.08784146686817662,3.399407405266929,90.0,1125.5939856202888,1097.606619338519,320616.50019160775,normal
99,29,0.06665699662619888,0.012437284153846154,0.06548640440657569,0.29039261538461536,0.519660923076923,-0.1970668089401177,0.0018360973931685898,4.356521146806056,90.0,1126.0990658525175,1106.0541225895734,308769.78019410203,normal
99,30,0.06612832239131078,0.013287322307692306,0.06477964254440309,0.29039261538461536,0.5394793846153846,-0.16723158437237376,0.14027706269396045,4.391350103609657,90.0,1135.3199943691102,1125.5687363808272,302140.9519946202,normal
99,31,0.06591931952444065,0.014648381230769229,0.06427115693593316,0.24908676923076922,0.4946270769230769,-0.12915163051312803,0.018234642275423152,3.778661112216371,90.0,1119.5366952011182,1106.4159123388163,297416.27670234855,normal
99,32,0.06680821468944594,0.016107106923076923,0.06483747879552125,0.23156307692307693,0.46124861538461537,-0.16774296862642066,-0.14654586430593897,3.4660868876602122,90.0,1125.7225280542293,1099.7668813885623,302680.70341506455,normal
99,33,0.0683410496011039,0.01625562369230769,0.06637961855083704,0.2424110769230769,0.4739741538461538,-0.13906341465441358,-0.053824569963958346,3.5470786348467387,90.0,1121.526612885809,1104.317814746002,317250.2714302761,normal
99,34,0.06761385720198672,0.01547095169230769,0.06582008310132198,0.2424110769230769,0.44768861538461535,-0.11473427742380607,-0.043079047680261606,3.585227747012103,90.0,1110.9662226245312,1095.3386540925048,311924.4004470457,normal
99,35,0.0663223088588769,0.014878031999999998,0.06463197982561912,0.2641070769230769,0.4752258461538461,-0.15225674924048613,-0.06675109638596233,3.9821755524985396,90.0,1118.0758666807942,1099.647726999812,300765.08290417015,normal
99,36,0.06699556506091921,0.016232206615384614,0.06499939389123041,0.2641070769230769,0.47918953846153844,-0.15227448417252057,-0.059442401927179755,3.942157614208101,90.0,1113.8162079602366,1093.885539655493,304194.32684943336,normal
99,37,0.06813540182851535,0.01784981030769231,0.06575573932602884,0.2705741538461538,0.5336381538461538,-0.17045654527497348,-0.01836519225064892,3.9711243580413695,90.0,1103.8123452407838,1087.9229786843136,311314.8425324869,normal
99,38,0.06670083679369064,0.017212994461538463,0.06444155841260825,0.2705741538461538,0.5013027692307692,-0.1522157409061757,-0.05196875131054002,4.0565331239104925,90.0,1109.672660756076,1094.4056014171329,298995.4404779051,normal
99,39,0.0659774247611028,0.016200497076923077,0.06395752084444478,0.23093723076923076,0.4549901538461538,-0.1461986218462625,-0.09935998309776872,3.5002462070235354,90.0,1137.5927896215176,1114.5983226640656,294520.64374307264,normal
99,40,0.06755691686341535,0.015159193384615384,0.06583415429712944,0.23615261538461538,0.46020553846153844,-0.16630868208583185,-0.04656953340732528,3.495609722126041,90.0,1121.6222356692413,1104.1550274222498,312057.78411288117,normal
99,41,0.06699686178708009,0.012308968307692306,0.06585642556742158,0.23615261538461538,0.45832799999999996,-0.16160514360217013,-0.052277913819297694,3.52483100081795,90.0,1101.5432030112192,1081.56336135287,312268.9528320879,normal
99,42,0.06554440793542711,0.009616421692307692,0.06483512817478959,0.23823876923076923,0.46667261538461535,-0.1564641841644086,-0.07486016091488512,3.6347688038539725,90.0,1096.078316953464,1085.7339259437517,302658.7568984366,normal
99,43,0.06444900264653455,0.00786069723076923,0.0639678308306542,0.23823876923076923,0.46667261538461535,-0.1547777455285339,-0.09621361776238713,3.696547028623094,90.0,1113.3039297897694,1108.1175872736012,294615.60401597637,normal
99,44,0.06586735136041996,0.007889885999999999,0.06539310112040889,0.22697353846153845,0.45373846153846153,-0.14878894622212963,-0.034126792460053235,3.445918710463406,90.0,1108.0934587582387,1091.6586285600422,307890.55254204705,normal
99,45,0.06684599354662128,0.010091664923076922,0.06607983922737157,0.23010276923076922,0.45707630769230767,-0.12996222936118954,-0.04546680910372558,3.4422821327397224,90.0,1108.8061536932792,1106.5708049306731,314391.25239277544,normal
99,46,0.06585732579011627,0.010628362769230768,0.06499404022732502,0.23010276923076922,0.4410129230769231,-0.12698313602463035,-0.1895155664381596,3.4939585910927247,90.0,1100.3435772143177,1094.3589867020103,304144.2193389332,normal
99,47,0.06522868429444792,0.010312623384615385,0.06440831509760088,0.23844738461538462,0.4504006153846154,-0.15643125732720162,-0.13866383978529795,3.6555602369505493,90.0,1110.7960446364748,1106.1937366155055,298687.03716276714,normal
99,48,0.06584493365474035,0.010898311076923076,0.06493675464378995,0.23844738461538462,0.4520695384615384,-0.16835547233868084,-0.04603665033717119,3.621347480820465,90.0,1106.2571161913406,1093.286857429521,303608.3116176197,normal
99,49,0.0670892131176811,0.011128309538461539,0.06615983104245218,0.23093723076923076,0.4418473846153846,-0.17192765042101385,-0.0748241808009773,3.442240861644093,90.0,1105.960405706037,1099.727353881022,315152.8735681607,normal
99,50,0.06735573239817513,0.011183975076923076,0.0664207301102099,0.23093723076923076,0.4493575384615384,-0.1901783492878278,-0.0710202527356043,3.428620290312329,90.0,1127.0870364364382,1120.4353525781742,317643.3659474969,normal
99,51,0.06649804733786777,0.011104562153846156,0.06556431193203105,0.24282830769230768,0.4668812307692307,-0.1828998718781051,0.01811910202393685,3.6516607240890733,90.0,1114.5183372027475,1111.747805699487,309504.88961840264,normal
99,52,0.06565930685762826,0.010943545846153846,0.06474089419630623,0.24282830769230768,0.45707630769230767,-0.16910195871286263,-0.006597360688434417,3.6983075105992538,90.0,1116.0004622218191,1113.4543606476072,301779.6064031387,normal
99,53,0.06541160290226496,0.011913989846153845,0.06431745206543353,0.22488738461538463,0.4458110769230769,-0.17156166047769678,-0.15915199708869965,3.438035067744803,90.0,1114.0680926196437,1106.5788354569902,297844.8947986626,normal
99,54,0.06586033604162478,0.013343057384615383,0.06449454770092275,0.2415766153846154,0.4504006153846154,-0.17738229995253924,-0.10570902567344431,3.668013707551312,90.0,1115.2772082275492,1101.109167617876,299487.36118657695,normal
99,55,0.06722511136657087,0.013601914307692307,0.06583466811197618,0.2415766153846154,0.47439138461538466,-0.16264986890956368,0.04575297909889242,3.5935472693726846,90.0,1106.5520915452125,1096.1996354581868,312062.653905559,normal
99,56,0.06753765279154537,0.01437714646153846,0.06598963709715949,0.23281476923076924,0.455616,-0.1678614115388864,0.06501839108214691,3.447184786675232,90.0,1121.8686209898278,1104.9638166948216,313533.5210160521,normal
99,57,0.06602206711534915,0.015280677076923077,0.06422938777735987,0.24282830769230768,0.46396061538461536,-0.21500138395664029,0.029481766660232278,3.6779870473921243,90.0,1135.918568327119,1116.000718952942,297029.8264287227,normal
99,58,0.06573445100528454,0.014794603230769232,0.06404793333285834,0.2438713846153846,0.4683415384615385,-0.21199625207903708,0.01583887695412134,3.709947841441305,90.0,1141.6942333833458,1132.095365560158,295353.92041598714,normal
99,59,0.06681069789326402,0.014096002461538462,0.06530675361392033,0.2438713846153846,0.4687587692307692,-0.16458501603872844,-0.05026880286939317,3.6501846606211275,90.0,1121.39267399262,1103.1242067260484,307077.9888834892,normal
99,60,0.06703403242236053,0.014237461076923075,0.06550462735475397,0.2438713846153846,0.4798153846153846,-0.13759233902693613,-0.11575081911520702,3.638023490498484,90.0,1107.1495538738443,1094.6813495681176,308941.649402146,normal
99,61,0.0669905538793045,0.014892774153846152,0.06531416069321057,0.2438713846153846,0.4798153846153846,-0.16611443142764268,-0.13381352123383117,3.6403846586305684,90.0,1098.291714620057,1084.901846535206,307147.6509119677,normal
99,62,0.0668436080949647,0.015264213846153845,0.0650774286432102,0.24011630769230768,0.46708984615384613,-0.21513522814182637,-0.11048580906299144,3.592210452661001,90.0,1108.1713795319995,1087.62229753892,304925.1639080122,normal
99,63,0.06788402739267024,0.01519225892307692,0.06616219799751966,0.24011630769230768,0.4766861538461538,-0.2125610644376946,-0.04146101815022529,3.537154716872826,90.0,1098.0953540664038,1087.1896018620737,315175.42415452126,normal
99,64,0.06724761041078986,0.01484481,0.06558866306020632,0.23656984615384613,0.47272246153846154,-0.1640168185793621,-0.10428351547748971,3.517892230054446,90.0,1102.4160089108195,1096.0197702929236,309734.8366675445,normal
99,65,0.06596371857739326,0.014817446615384616,0.06427795457509336,0.2238443076923077,0.43225107692307696,-0.15187049613468667,-0.12513511852215053,3.393445859630819,90.0,1112.506859030835,1101.28684685,297479.19210345217,normal
99,66,0.06555817088764151,0.015517299076923076,0.06369526826610065,0.2238443076923077,0.44122153846153844,-0.15957366035291187,-0.114133199096909,3.4144379664885522,90.0,1130.789698317276,1123.8732489900294,292110.2809383319,normal
99,67,0.06521894529983822,0.015435539230769232,0.06336603944289618,0.23218892307692307,0.44956615384615384,-0.1575750049477679,-0.1019398864834451,3.5601453229495728,90.0,1131.6108019543378,1122.2554807106815,289098.3591789017,normal
99,68,0.06505846037352439,0.015255156461538463,0.06324463192641273,0.23218892307692307,0.44831446153846155,-0.13226957312356621,-0.09964108005075811,3.568927419183326,90.0,1110.3367600527376,1097.4671108974728,287991.60966543056,normal
99,69,0.06637845452517746,0.015312160615384618,0.0645882107078352,0.25847446153846154,0.5073526153846154,-0.18178774435001943,-0.07667437482465234,3.893951183217466,90.0,1117.165762146368,1108.2896190455137,300357.8632022004,normal
99,70,0.06731875339972276,0.01441687030769231,0.06575688868722322,0.25847446153846154,0.5073526153846154,-0.208861512533536,-0.07546441549768357,3.839561021038248,90.0,1118.9949325374298,1099.492709235419,311325.7262360453,normal
99,71,0.06737133647688219,0.013326229076923076,0.06604020440058198,0.26076923076923075,0.47376553846153846,-0.1891974999674656,-0.09094638630810303,3.870625764693137,90.0,1120.9195463654185,1093.8493680683805,314014.2190437212,normal
99,72,0.06692900528768493,0.011389304769230769,0.06595282773067836,0.26076923076923075,0.47626892307692303,-0.19052342259195218,-0.06692285034960532,3.896206579618968,90.0,1107.1898031663277,1091.2141164436734,313183.8353084255,normal
99,73,0.06457763783971321,0.010398294769230768,0.06373497293362057,0.2236356923076923,0.4391353846153846,-0.1804796359667643,-0.1310592297689661,3.463051604067243,90.0,1113.0068902233475,1096.1634714580528,292474.5679576639,normal
99,74,0.0638492055182944,0.011075860153846154,0.06288120837873458,0.2236356923076923,0.4314166153846154,-0.1979509721036338,-0.1522454260007633,3.5025602980073898,90.0,1151.6065539477186,1116.6076240567722,284691.3386244323,normal
99,75,0.06474327430615212,0.011480208923076924,0.06371731609981827,0.22718215384615387,0.4426818461538462,-0.18747944137322511,-0.07932222578124515,3.508969175267156,90.0,1133.24366376287,1107.2805036853058,292312.5400477583,normal
99,76,0.06644629494792861,0.011927132615384617,0.0653670683133499,0.22718215384615387,0.4433076923076923,-0.15780147785608342,-0.08841159595371195,3.419034184286539,90.0,1121.6302106571823,1106.0169402567692,307645.4607047162,normal
99,77,0.0669512823989051,0.01263765923076923,0.06574772835638425,0.24720923076923076,0.46729846153846155,-0.19524203108242946,-0.060311369563867956,3.69237484199815,90.0,1107.8780306899048,1092.8873310590952,311238.9925361585,normal
99,78,0.06645601457586477,0.01461960969230769,0.06482799461461178,0.24720923076923076,0.4839876923076923,-0.22652548074902326,-0.0031092347267764886,3.7198925085557453,90.0,1121.331759681973,1107.3369177707332,302592.1603242729,normal
100,0,0.06618463692171733,0.012380419076923076,0.06501639322462689,0.2422024615384615,0.4516523076923077,-0.08594636552318297,-0.07604529466787024,3.6594967171148296,2102.0,1104.6368595085933,1064.871334061435,304353.4603460313,normal
100,1,0.06560293894067812,0.013232195692307694,0.06425460757653739,0.2422024615384615,0.4516523076923077,-0.10672571507608446,-0.04299003402471069,3.6919452916198563,2102.0,1115.4138182304252,1064.3370070141739,297263.13195784844,normal
100,2,0.06579632131959999,0.014092316923076924,0.06426945233103833,0.25117292307692307,0.48982892307692305,-0.15279824925536656,0.038245762025526986,3.81743109704982,2102.0,1117.2494496155261,1062.5202765201375,297400.5016820645,normal
100,3,0.06607222596965165,0.013829322461538462,0.06460873690794068,0.2659846153846154,0.5046406153846154,-0.13317772328553254,0.04743255422463166,4.025664513055571,2102.0,1109.1166279659353,1055.430716040597,300548.8002795182,normal
100,4,0.06637964201542661,0.014962190923076922,0.06467139798146923,0.2822566153846154,0.5482412307692308,-0.1186575882482855,0.009307604541402004,4.252156336110084,2102.0,1099.531592523876,1054.3793383737577,301132.05986431835,normal
100,5,0.06740222360148174,0.016310854615384614,0.06539889730064206,0.2822566153846154,0.5229987692307693,-0.13454373287017563,0.02295979809386317,4.187645455934341,2102.0,1096.198270017931,1054.9982985115757,307945.13534265367,normal
100,6,0.06727519374437255,0.01576815907692308,0.06540119916842284,0.25513661538461535,0.49587876923076923,-0.13883710178894584,-0.06045248256368607,3.7924322649157305,2102.0,1091.1070142044734,1056.9221551395092,307966.81346031517,normal
100,7,0.06528893268221765,0.014170773692307691,0.06373251841677487,0.25513661538461535,0.48336184615384614,-0.13144514315562464,-0.03934637723175882,3.9078080296770628,2102.0,1096.2937039334672,1058.4425627795385,292452.0413988173,normal
100,8,0.06462882430040881,0.012761402923076924,0.06335638504435047,0.23135446153846154,0.4595796923076923,-0.1227266427073572,-0.02468935569810693,3.579741145577332,2102.0,1100.0108631234327,1060.05491084727,289010.27047080564,normal
100,9,0.06595023608278267,0.01305376,0.0646454405912526,0.23928184615384615,0.4593710769230769,-0.10029156287249384,-0.051733452922762435,3.6282181894465486,2102.0,1101.5243087416732,1058.3226360621602,300890.3759617891,normal
100,10,0.06648140400250284,0.013831791076923075,0.06502659943245034,0.23928184615384615,0.4593710769230769,-0.09412140352179413,-0.10268686939829497,3.5992297356541667,2102.0,1101.5758402521606,1061.7518312759305,304449.0222009557,normal
100,11,0.06616472478640692,0.014168930923076924,0.06462980893177733,0.24282830769230768,0.46103999999999995,-0.13362760726826853,-0.11934924216087905,3.670056944636382,2102.0,1104.6023549084643,1069.1430863676103,300744.87953468604,normal
100,12,0.06569842501839201,0.014319881538461539,0.06411882752064096,0.24303692307692307,0.4533212307692307,-0.12696260014225963,-0.06882365344751484,3.699280812422609,2102.0,1088.9516740830545,1054.5915506935835,296008.13158482744,normal
100,13,0.0664739545272093,0.013787616769230768,0.06502836499797851,0.24303692307692307,0.47272246153846154,-0.09954179299098538,-0.02911609096202561,3.6561225340887837,2102.0,1086.245014836562,1050.0723826628293,304465.5544139431,normal
100,14,0.06610810105461863,0.012957936,0.06482571187166071,0.241368,0.4710535384615384,-0.11416893482773545,-0.04268149518132969,3.6511107738608515,2102.0,1103.8223860488765,1075.6270073458552,302570.8529429651,normal
100,15,0.06550446132938594,0.01225526723076923,0.06434782730718615,0.2238443076923077,0.4445593846153846,-0.13334173906364985,-0.07487103089527025,3.417237591905652,2102.0,1102.8431874808464,1067.594703446456,298126.2878493118,normal
100,16,0.06586489616092418,0.011008303538461538,0.06493844623560392,0.2497126153846154,0.4864910769230769,-0.1215369402918094,-0.01909816073373749,3.7912853422634405,2102.0,1096.1166900851713,1054.7894481573858,303624.1301704681,normal
100,17,0.06569977072407429,0.010016459076923077,0.06493173662205759,0.2497126153846154,0.4864910769230769,-0.12233089519519633,-0.05260004721495237,3.800814106846091,2102.0,1098.949408735799,1046.911816845158,303561.3903892376,normal
100,18,0.06487420479941142,0.009522457846153846,0.06417152986273741,0.2330233846153846,0.4585366153846154,-0.13050215634347814,-0.0969057001805389,3.5919266422746,2102.0,1106.26269865915,1058.9255079449483,296494.93816409825,normal
100,19,0.06537349621446902,0.009345412923076923,0.06470206538125643,0.2330233846153846,0.4551987692307692,-0.1192799198476915,-0.13617823569122,3.5644932290436366,2102.0,1097.799424363329,1058.537695137467,301417.7233645742,normal
100,20,0.06530545075367512,0.008669864153846154,0.06472739260695227,0.2422024615384615,0.47209661538461534,-0.1072761020751703,-0.08816011785023026,3.708763338178649,2102.0,1082.8328472862538,1048.5800162696005,301653.74556368834,normal
100,21,0.0660114648759543,0.007706148,0.06556011575700156,0.26160369230769226,0.5038061538461538,-0.12601764565672716,-0.026928941285000008,3.963003893328013,2102.0,1090.3345105956753,1059.9368894093734,309465.273172258,normal
100,22,0.06559387233411113,0.007884183846153846,0.06511832102307087,0.26160369230769226,0.5029716923076922,-0.09048027314965422,-0.016566693865608606,3.988233702306505,2102.0,1083.9312654628272,1045.433894874324,305308.49280642206,normal
100,23,0.06380097149318405,0.00862254323076923,0.06321562869819139,0.2236356923076923,0.44601969230769234,-0.05378794173626847,-0.05588772380371099,3.505208260529131,2102.0,1106.5779742746026,1060.2574923782731,287727.5322488118,normal
100,24,0.06508044853753411,0.010514823846153846,0.06422540977939324,0.23218892307692307,0.45874523076923074,-0.1013407634766067,-0.1358101596697847,3.5677216167773,2102.0,1110.5669392344382,1077.4388596136437,296993.03584049613,normal
100,25,0.06586102503007464,0.012826699538461538,0.06459992567303889,0.23218892307692307,0.45874523076923074,-0.14874671163708814,-0.14205441938140995,3.525437433913256,2102.0,1111.8017362587661,1073.6126914322288,300466.82876147085,normal
100,26,0.06572316933082095,0.013584581846153845,0.06430391996568259,0.23114584615384615,0.4395526153846154,-0.13778181516904692,-0.1454964674829604,3.516961347228428,2102.0,1124.7230729679932,1094.791563098785,297719.57954878407,normal
100,27,0.0655966143389062,0.013416246615384613,0.06420996915964355,0.23114584615384615,0.44539384615384614,-0.1574653466177062,-0.10067946383004944,3.5237465909387726,2102.0,1098.6569759916279,1068.3462541314016,296850.2501854996,normal
100,28,0.0650883761083808,0.013116066461538461,0.06375316074519397,0.25555384615384613,0.48419630769230765,-0.18883088850979066,-0.07047591947786991,3.926259363550798,2102.0,1098.6377595473648,1067.7937490793602,292641.516945445,normal
100,29,0.06568497014453406,0.011985857846153844,0.06458215322037601,0.2586830769230769,0.514236923076923,-0.13941551141722244,-0.02476439246592932,3.938238479120373,2102.0,1096.102571975124,1061.2616915466363,300301.5260093933,normal
100,30,0.06571379783563548,0.011640060461538461,0.06467466442459906,0.2751636923076923,0.5163230769230769,-0.08775121472623154,0.017690217096179683,4.187304666151492,2102.0,1078.7072614758968,1040.6762386460177,301162.4797274797,normal
100,31,0.06527472904031202,0.011746506461538462,0.06420911023550466,0.2751636923076923,0.4902461538461538,-0.10017023063541731,-0.0954614953619708,4.215470463887459,2102.0,1086.9619044173608,1047.9287445026957,296842.3083091348,normal
100,32,0.06501420806259753,0.011737118769230769,0.06394597167143284,0.22676492307692306,0.4418473846153846,-0.13132574152487914,-0.14964200827011176,3.487928713345048,2102.0,1097.9835758042395,1062.700810414341,294414.2852286548,normal
100,33,0.06530597296920244,0.012645325846153846,0.06407000733337553,0.22843384615384613,0.4326683076923077,-0.12646305316773623,-0.12527363284381154,3.497901275608786,2102.0,1109.9425706647733,1079.8037648461827,295557.54147355654,normal
100,34,0.06532144916747398,0.014186750153846153,0.06376227600557585,0.2292683076923077,0.4549901538461538,-0.14347398275273887,-0.08743410125535966,3.509847234168054,2102.0,1125.4886413721872,1106.9545695012007,292725.2091461131,normal
100,35,0.06553397792312972,0.014771133999999998,0.06384759872370532,0.23281476923076924,0.46208307692307693,-0.19173222108528276,-0.01758155528528116,3.552581067242052,2102.0,1106.1512726268477,1065.8843905938013,293509.1424604004,normal
100,36,0.0665046628732582,0.013931457076923077,0.0650291064647176,0.23281476923076924,0.4549901538461538,-0.1881593869251157,-0.050209099554431535,3.500728507931209,2102.0,1093.3160550921104,1052.7547698132996,304472.4975552378,normal
100,37,0.06631909060829393,0.012939560461538461,0.06504451978586122,0.27140861538461536,0.4919150769230769,-0.15501030548611172,-0.016797491156319566,4.092465878153534,2102.0,1103.352870575202,1073.6732215647335,304616.84847862343,normal
100,38,0.065241717379664,0.011807161384615383,0.06416441869670136,0.27140861538461536,0.4919150769230769,-0.11047241005891453,0.022433882521899484,4.160047072415265,2102.0,1095.7787687335397,1067.155179006706,296429.2291971104,normal
100,39,0.06478044703492325,0.011353353384615385,0.06377779931111248,0.22989415384615383,0.4485230769230769,-0.10849794211224825,-0.024639867346713196,3.548820120401724,2102.0,1108.7011791821324,1063.1991319503024,292867.7533543136,normal
100,40,0.06557851774814982,0.011597763692307693,0.06454482060848718,0.22864246153846152,0.44727138461538457,-0.15734101279941892,-0.049578591120952975,3.48654512772839,2102.0,1113.1179084179137,1079.069570818923,299954.4400613949,normal
100,41,0.066161531732654,0.011784491846153846,0.06510356390504989,0.24032492307692307,0.463752,-0.11987943368878426,-0.0214435650779623,3.6323966024249525,2102.0,1092.3181193741868,1064.9339615612216,305170.1307944189,normal
100,42,0.06626099607247284,0.012612451538461538,0.06504956315538345,0.24032492307692307,0.463752,-0.13798777228139206,-0.002747562269571624,3.626944014153789,2102.0,1085.606147650483,1056.8826066175927,304664.0882519802,normal
100,43,0.06650624256619886,0.01317282723076923,0.06518862571816027,0.2540935384615385,0.4677156923076923,-0.1600667507911082,0.02804682548929227,3.820596814030192,2102.0,1099.7042399284044,1080.6505529552671,305968.1007844072,normal
100,44,0.06633974752295718,0.013050769846153845,0.06504336636300757,0.2540935384615385,0.46542092307692307,-0.10407720968505099,-0.06549679091375538,3.830185491339234,2102.0,1096.8616775311027,1060.7210738802373,304606.0445647179,normal
100,45,0.06634775677567278,0.012433737692307692,0.06517228702571914,0.23177169230769232,0.45707630769230767,-0.1326507812158084,-0.1315672746791825,3.493286036652776,2102.0,1100.8063570838265,1062.8540637991005,305814.743963622,normal
100,46,0.06605840977886807,0.012006615076923076,0.06495809954815068,0.24178523076923078,0.4670898461538462,-0.1252255031443346,-0.04107754131557728,3.660173346264495,2102.0,1100.2132870769103,1065.5760927035808,303807.9384037298,normal
100,47,0.06514939573732373,0.011139366153846154,0.06419001703247133,0.24178523076923078,0.4504006153846154,-0.11271571233121253,-0.04052536338918378,3.7112428754379585,2102.0,1096.6071732842313,1062.993341009639,296665.7966373722,normal
100,48,0.06474455312453631,0.00980539246153846,0.0639977455694426,0.23844738461538462,0.4535298461538462,-0.1347772284695044,-0.03205355137579602,3.682894901702858,2102.0,1094.1106720516111,1058.355199516153,294891.2235997445,normal
100,49,0.06476921583095607,0.00985898923076923,0.06401446438660989,0.23844738461538462,0.4535298461538462,-0.06682955475463566,-0.03276513023585803,3.681492535554523,2102.0,1101.8865884601835,1078.6398117520694,295045.3207831192,normal
100,50,0.06602595604870493,0.010919363846153848,0.06511677483829204,0.23844738461538462,0.47564307692307695,-0.09341425374844095,-0.05807285403917861,3.61141888561963,2102.0,1083.5493890283599,1053.1441938503356,305293.99432283954,normal
100,51,0.06731703451617771,0.01207431076923077,0.06622532865528338,0.23844738461538462,0.4733483076923077,-0.162048384566302,-0.041961842996994125,3.542155211220433,2102.0,1103.9424634300583,1068.533758673165,315777.1798397749,normal
100,52,0.06633282251415965,0.011426803384615386,0.0653411930339839,0.23531815384615382,0.47021907692307685,-0.18506255013379705,-0.02928341055901651,3.547537175821547,2102.0,1097.794217413609,1056.3351590098098,307401.94866505294,normal
100,53,0.06638856561089632,0.010277523846153845,0.06558821652906888,0.28663753846153844,0.5392707692307692,-0.17823028238784847,0.0023934177984212823,4.317573904842625,2102.0,1087.449546615448,1047.8521131618502,309730.6188137953,normal
100,54,0.06672549187152604,0.011304885076923076,0.06576086099569142,0.28663753846153844,0.5392707692307692,-0.14983664573419184,-0.006322629872563823,4.295772581391132,2102.0,1085.3269751197345,1062.7075324346554,311363.34154154087,normal
100,55,0.06654285008896814,0.012310932769230768,0.06539412689465597,0.22029784615384615,0.431208,-0.1514262749394002,-0.07967271839875778,3.3106163300686218,2102.0,1100.5738090389511,1074.69037521549,307900.2129513,normal
100,56,0.06595913221735097,0.012357227999999996,0.06479124971029655,0.22634769230769228,0.4362147692307692,-0.1153139859697734,-0.12447153587570847,3.43163538843754,2102.0,1100.2796812086556,1068.6578614851517,302249.23494884954,normal
100,57,0.06524671380088451,0.01328062923076923,0.06388081518773356,0.2411593846153846,0.43809230769230767,-0.08737046845788374,-0.07115151866207992,3.6961154143538697,2102.0,1094.7690711059067,1063.3886628927119,293814.6160476193,normal
100,58,0.06630960107816994,0.013467166153846154,0.0649276415013724,0.2411593846153846,0.47084492307692305,-0.1273345303148115,-0.08725787114904371,3.636869784981676,2102.0,1107.5692652690034,1073.9183209176415,303523.1036552564,normal
100,59,0.06603528285906507,0.012775953846153845,0.06478760364141956,0.22968553846153844,0.44247323076923073,-0.14784863920299102,-0.1219353314042646,3.478224496315731,2102.0,1102.2638401299691,1077.9910189446086,302215.2199930649,normal
100,60,0.06553739855510443,0.011787655846153844,0.06446861080419865,0.22843384615384613,0.4376750769230769,-0.14910438753670674,-0.08246786613536905,3.4855494906740447,2102.0,1101.5760282906303,1069.1103518280663,299246.52810553636,normal
100,61,0.06611411353242704,0.010519448153846154,0.06527187157357443,0.28017046153846153,0.52884,-0.1437230609074414,-0.011190127930626126,4.237680074180321,2102.0,1091.2433625410436,1060.4540303145334,306750.04069814464,normal
100,62,0.06640066097528649,0.011218031538461536,0.06544618817285708,0.28017046153846153,0.52884,-0.12514972833057356,0.017067274249102482,4.219392660002851,2102.0,1085.7943072665355,1054.7888312408322,308390.65536140196,normal
100,63,0.06604332313179544,0.012103725538461537,0.06492472840436331,0.2517987692307692,0.4812756923076923,-0.09850708333474884,-0.030043965243407023,3.8126302143864255,2102.0,1099.4899821729123,1073.467653304664,303495.86622988415,normal
100,64,0.06550055225820754,0.011804084307692307,0.0644281455560151,0.2837169230769231,0.5165316923076924,-0.08316403681545216,0.017977228425909875,4.331519556636592,2102.0,1105.6435577911318,1076.2174051790687,298870.9879992537,normal
100,65,0.06607678362318802,0.012283951846153844,0.06492492480570912,0.2837169230769231,0.5165316923076924,-0.0663151291890811,-0.01744078132413973,4.293745965222188,2102.0,1097.5933996269387,1078.0317724245483,303497.7045540073,normal
100,66,0.06622908300853188,0.012594754,0.06502048606270557,0.27182584615384614,0.5058923076923076,-0.10586530462706678,-0.03927332868942646,4.104327491878886,2102.0,1094.4111203397676,1056.1552878137898,304391.78008238616,normal
100,67,0.06636477933177415,0.012810358,0.06511665427267369,0.23406646153846156,0.46771569230769233,-0.16128537067415452,0.014368379462419423,3.526968128204039,2102.0,1092.3181213331793,1049.8005748252174,305292.86381067394,normal
100,68,0.0663737560690236,0.013794744461538461,0.06492442159889529,0.30562153846153844,0.5640959999999999,-0.15425671277286648,0.034588994038869725,4.604553916516576,2102.0,1090.835147559186,1053.930726313267,303492.99840526463,normal
100,69,0.06634423948615265,0.01502760923076923,0.06461988141279179,0.30562153846153844,0.5640959999999999,-0.1190171372526453,0.024259907190979924,4.606602484686372,2102.0,1116.6496786240468,1093.373273374251,300652.4982028281,normal
100,70,0.06727330829852754,0.01618307769230769,0.06529782542959196,0.23469230769230767,0.44894030769230764,-0.11918207614095333,-0.04474001965461483,3.4886393077452467,2102.0,1089.055902820748,1056.3208075304642,306994.0324497993,normal
100,71,0.06600863332284515,0.015458799846153845,0.06417293183629975,0.22676492307692306,0.45311261538461534,-0.13711763460083953,-0.009241550712852487,3.435382792548156,2102.0,1097.9100185903944,1074.369743834498,296507.89373832155,normal
100,72,0.06461638989102399,0.012922923384615382,0.06331094608157573,0.22634769230769228,0.4493575384615384,-0.13906003858933708,0.002913132999025514,3.5029455017438966,2102.0,1116.4319491846513,1077.4806928068085,288595.86515174917,normal
100,73,0.06524494841704827,0.012206712000000002,0.06409289723590553,0.2292683076923077,0.4585366153846154,-0.11846038911765817,-0.08134643199896985,3.5139625864490793,2102.0,1090.6958484303973,1058.5909716472452,295768.7626025275,normal
100,74,0.06563939871214705,0.012792538769230768,0.06438075500590174,0.2292683076923077,0.4585366153846154,-0.13194109562104464,-0.12152792080786545,3.492845946041244,2102.0,1092.8698535717015,1056.3958714116989,298431.476524714,normal
100,75,0.06623422082151408,0.012578412461538463,0.0650288824122059,0.2670276923076923,0.531552,-0.1347040264325575,0.009444856371010335,4.031566899945426,2102.0,1084.5060079537154,1041.095333489574,304470.39944648487,normal
100,76,0.06724929008265067,0.01251546276923077,0.0660744293073538,0.2670276923076923,0.531552,-0.14748144935330293,0.032359593402898845,3.970713920987272,2102.0,1077.756394407806,1037.9010745973203,314339.7752415572,normal
100,77,0.06676045165313911,0.013340519230769232,0.06541397749399283,0.2751636923076923,0.532595076923077,-0.13640119600425932,-0.03196443693596951,4.121657141226874,2102.0,1097.1041021788658,1067.516660666456,308087.1703821817,normal
100,78,0.06595653562838746,0.014283982307692308,0.06439124506897097,0.306456,0.5816196923076923,-0.11654873295776907,0.07510012141741784,4.6463325746312005,2102.0,1096.8779726920884,1054.30369297825,298528.7359785279,normal
105,0,0.28930221212320245,0.01513573246174318,0.28890600468357347,1.5845546906187624,2.7946964071856284,0.126774546362486,2.632106309795958,5.477160644537218,3587.0,2771.347014859741,1156.8116277784586,6009600.970739318,inner_race
105,1,0.28974199004710005,0.01454501003992016,0.28937668095303126,1.5845546906187624,2.796970499001996,0.13431377406668324,2.5075996762515986,5.468847267740445,3587.0,2763.7119491644767,1170.8661407794946,6029198.297460644,inner_race
105,2,0.28949241929078673,0.014233161663339986,0.2891423143296357,1.511134011976048,2.723549820359281,0.13552782483453393,2.129411829842863,5.2199432913583745,3587.0,2750.3184325471293,1182.0417808438094,6019436.169869237,inner_race
105,3,0.29215381585860917,0.01430141149035263,0.29180356706203875,1.5044741716566867,2.7399557684630738,0.13701817391860904,2.036307504832987,5.149596171575566,3587.0,2741.8768002739234,1177.757421333506,6130751.224966954,inner_race
105,4,0.2939766028625091,0.014650592874251496,0.29361131306374133,1.6389704590818364,2.8744520558882236,0.13548456107229098,2.170902739099672,5.575173136647109,3587.0,2755.609984090898,1170.9640491014413,6206947.626670215,inner_race
105,5,0.2930112809407711,0.014680995316034597,0.2926432625827598,1.6389704590818364,2.8140261876247505,0.14259139247992075,2.4401435989347853,5.59354047332101,3587.0,2770.5500124492933,1151.3727303333294,6166085.707257552,inner_race
105,6,0.2916855944032414,0.014365451540252825,0.29133163196676204,1.7026450299401197,2.997253013972056,0.1643582555054451,2.5873811982633406,5.837261293015021,3587.0,2766.0999036919857,1158.2821266558376,6110936.657620759,inner_race
105,7,0.292445791659802,0.01411841478043912,0.2921047952766538,1.7026450299401197,2.997253013972056,0.15752441255198166,2.4862795765397943,5.8220876432401605,3587.0,2755.4286053957453,1158.0997337111332,6143415.2232165495,inner_race
105,8,0.2909406869056148,0.013965874657351962,0.2906052952755096,1.6638230339321358,2.92643129740519,0.14554820079480874,2.4632662476206812,5.718770556391458,3587.0,2765.212944698263,1158.701673247478,6080503.512042025,inner_race
105,9,0.2891706826237959,0.013469391683300067,0.2888568143160101,1.5907272255489022,2.853335489021956,0.14828737521006902,2.443508603583842,5.5009975807900275,3587.0,2781.2960742038963,1139.7393363050116,6007554.662046522,inner_race
105,10,0.2907480330641573,0.0128158474750499,0.290465441634926,1.4987889421157685,2.7025956886227545,0.15825054383580253,2.26557227680813,5.154940951174178,3587.0,2776.1612221547302,1132.439778598983,6074652.445515309,inner_race
105,11,0.2931368954126716,0.012399120149700599,0.2928745486922564,1.5135705389221557,2.700321596806387,0.17651450862777585,2.055540832307538,5.163357334433745,3587.0,2759.237032621155,1152.2980409617937,6175836.093300259,inner_race
105,12,0.2938273517322721,0.012396101563539586,0.293565749521341,1.5135705389221557,2.676768502994012,0.19596200689475854,2.0515817315096214,5.15122411170653,3587.0,2750.4588075040547,1159.5596286372743,6205021.153045758,inner_race
105,13,0.2923630830013651,0.012526239174983364,0.29209461760565564,1.739030499001996,2.9608675449101796,0.20613400444424437,2.316836267093504,5.948187716278379,3587.0,2767.8009405819635,1151.3167922202952,6142987.131031945,inner_race
105,14,0.2916266621734573,0.012412182641383898,0.2913623994487084,1.739030499001996,2.9608675449101796,0.20431328801575294,2.5711165335135675,5.9632081855658114,3587.0,2778.07641092712,1146.073937110562,6112227.456280071,inner_race
105,15,0.2906227414117936,0.0123597025582169,0.2903598036546703,1.6963100598802394,2.8547974051896206,0.20224504277433372,2.5465620577365886,5.836811158135343,3587.0,2781.1260346100285,1152.9935540837305,6070234.806689544,inner_race
105,16,0.2895325630526355,0.012411776553559548,0.2892664046698352,1.5481692215568863,2.918309540918164,0.19411759359024844,2.555378288835924,5.347133342219048,3587.0,2781.909258740181,1140.6010770218888,6024603.897797189,inner_race
105,17,0.29079839202499985,0.012401543140385891,0.2905338302712141,1.608432654690619,2.9785729740518967,0.18641965535929497,2.7103984547562403,5.531091982628096,3587.0,2767.8814748547748,1145.482356156493,6077513.309701359,inner_race
105,18,0.2927227112092301,0.01215935236194278,0.29247005967760265,1.608432654690619,2.861294810379242,0.1762499913374447,2.5429892453835814,5.494731338221842,3587.0,2760.192796771155,1137.9894923508652,6158788.978220538,inner_race
106,0,0.29313663557323205,0.005782446966067866,0.2930795974172861,1.5808186826347306,2.7682194810379244,0.15999804782673316,2.385723617891519,5.392770779208206,3539.0,2772.994567794471,1152.3905350502255,6184486.874391773,inner_race
106,1,0.2904868280897498,0.005841830542248837,0.2904280811312148,1.4107491017964071,2.7126666666666663,0.14827148528653994,2.393561533956883,4.856499384407672,3539.0,2755.9272017524054,1159.7750146186343,6073089.862456739,inner_race
106,2,0.28869330821459643,0.005906060099800399,0.2886328890857477,1.5411845109780438,2.843102075848303,0.12923684694025525,2.513064334505767,5.338483668046868,3539.0,2741.3904644112204,1170.910912804781,5998244.052986417,inner_race
106,3,0.29172379718949476,0.006084413872255489,0.2916603397009757,1.5411845109780438,2.769356526946108,0.11799680676609543,2.474874962228398,5.2830263620109745,2842.0,2761.30276820964,1157.6842235627985,6124734.292345084,inner_race
106,4,0.29378804418535953,0.006183039068529609,0.2937229731126522,1.5767578043912174,2.8049298203592814,0.1346794115635504,2.5151309700066236,5.366991052217204,2842.0,2769.4400926030153,1147.9873975692094,6211669.316306904,inner_race
106,5,0.2927882756051117,0.006165306566866268,0.29272335630549096,1.5767578043912174,2.8547974051896206,0.15455346508723827,2.7141944258721065,5.385317431623581,3539.0,2770.5371855810035,1164.6618280405808,6169461.480805859,inner_race
106,6,0.29051781156457135,0.005988184594145043,0.2904560904535043,1.5047990419161676,2.782838642714571,0.14118297238927602,2.8047059076805603,5.179713539118777,3539.0,2755.195622205889,1161.0243599570697,6074261.314680083,inner_race
106,7,0.29147640690972276,0.005984083107119094,0.29141497307854547,1.5788694610778442,2.892482355289421,0.12602924660893142,2.8262781866365714,5.416800206292024,3539.0,2763.568230045307,1171.9239306551024,6114433.614809899,inner_race
106,8,0.29360178022262123,0.006321217218895542,0.2935337247451541,1.5788694610778442,2.892482355289421,0.12142677612011307,2.6803291099468343,5.377588173616246,3539.0,2759.294256294544,1153.566207419764,6203667.427790814,inner_race
106,9,0.2944316032292993,0.006250151849634065,0.29436525709062894,1.5579153293413173,2.888746347305389,0.11884366018996127,2.683270470023807,5.291263954868439,3539.0,2763.2945444605134,1151.5760691148605,6238865.137013893,inner_race
106,10,0.2955762361845846,0.006093577920825017,0.2955134171322314,1.5143827145708584,2.8452137325349303,0.11474962593137167,2.5998048651501353,5.12349278859191,3539.0,2756.8437711128086,1150.4164199113284,6287628.939381936,inner_race
106,11,0.29413708678961076,0.0059208552328675985,0.29407748859508176,1.494890499001996,2.7548998003992016,0.1257536289901185,2.5009005024089292,5.082291782101097,3539.0,2754.5654100857446,1154.375494401398,6226673.044332562,inner_race
106,12,0.2926776816850429,0.005678908107119096,0.29262258176573147,1.494890499001996,2.739306027944112,0.14495622901308625,2.4469613345613883,5.107634071704455,3539.0,2750.26101569062,1156.4769926450933,6165214.226509776,inner_race
106,13,0.2922342206443884,0.005620431460412509,0.2921801678174477,1.4822205588822355,2.8028181636726544,0.12863584997478947,2.3871435195051145,5.0720294003004796,3539.0,2757.1761529595888,1155.4605386780918,6146586.051445204,inner_race
106,14,0.291251028975784,0.005598056021290752,0.29119722465750847,1.480758642714571,2.80135624750499,0.11559002451477465,2.3024963948085366,5.084131884175037,3539.0,2754.0585316511592,1157.4286271231927,6105299.309323335,inner_race
106,15,0.2922044215893607,0.005432561696606788,0.292153917087869,1.5069106986027945,2.800381636726547,0.11622756699015008,2.4481818736226995,5.157042766178531,2842.0,2758.169006805553,1156.0286576111914,6145481.627329584,inner_race
106,16,0.29450410969490937,0.005198059514304724,0.294458232699439,1.5069106986027945,2.909862914171657,0.12605120323584693,2.558193036029161,5.116773073774332,3539.0,2766.0983530777276,1157.4799070610643,6242806.863292303,inner_race
106,17,0.29533617705118503,0.005195054464404525,0.2952904822108576,1.5419966866267465,2.944948902195609,0.1291955987872549,2.416324818518973,5.221157468830855,3539.0,2773.824053478975,1147.622047351348,6278145.760147348,inner_race
106,18,0.2948139732530964,0.0052729015003326685,0.29476681518625064,1.5419966866267465,2.897517844311377,0.11944655513833446,2.5829025919564534,5.230405701642065,3539.0,2776.059106044746,1144.53892693798,6255898.255941253,inner_race
107,0,0.2978099930025074,0.0043467776081171,0.29777826894617254,1.5281897005988025,2.7677321756487028,0.08393557973436123,2.5366528566288675,5.131425192256514,2862.0,2740.387339432093,1148.5131945217433,6384376.636995353,inner_race
107,1,0.29639777674245005,0.004354195479041916,0.29636579262728274,1.5376109381237524,2.8928072255489017,0.08138260700138808,2.5976723974333673,5.187660160689512,2862.0,2736.605934999527,1148.0127651172695,6323953.1830326645,inner_race
107,2,0.29591193093050533,0.004579222278775782,0.2958764971915507,1.5376109381237524,2.8928072255489017,0.08860843644245163,2.5904122522480533,5.196177569754222,2862.0,2722.9622677125794,1164.0712541145867,6303088.960884787,inner_race
107,3,0.29924325589244555,0.004581956603459748,0.2992081748060966,1.6396201996007984,3.029252734530938,0.09150570993064835,2.5371089665959277,5.47922189494594,2862.0,2750.877963872271,1144.6406049691116,6445838.295463526,inner_race
107,4,0.3009467289098406,0.004755085379241518,0.3009091603866011,1.6396201996007984,3.029252734530938,0.08699992512025065,2.5136419873446068,5.4482074137845355,2862.0,2757.934829004995,1145.9442347532945,6519335.258448223,inner_race
107,5,0.29647101758978156,0.004986176423819029,0.29642908480004304,1.551255489021956,2.789498483033932,0.08623418669638433,2.470927169920797,5.232401809907718,2862.0,2726.600244523117,1160.4397646247942,6326654.584246501,inner_race
107,6,0.2957741254326359,0.004877250133067198,0.2957339103088791,1.5889404391217565,2.8874468662674655,0.10130956716745987,2.6442036937079623,5.372141450160913,2862.0,2721.7818297651834,1161.299637148326,6297015.291045221,inner_race
107,7,0.2987023875107643,0.004746963622754491,0.2986646658729402,1.5889404391217565,2.9119745708582836,0.09094787283624592,2.634456554027958,5.319476862448902,2862.0,2749.1426995230026,1144.6963391307816,6422441.95027577,inner_race
107,8,0.3039601047857034,0.004577286593479707,0.3039256385183339,1.5626259481037925,2.909862914171657,0.08396045441070728,2.632070068505411,5.140891595643672,2862.0,2769.402933781323,1137.0216721431955,6650697.15777451,inner_race
107,9,0.3031795939499704,0.0044547428243512975,0.3031468644964645,1.5626259481037925,2.909862914171657,0.0857341743051623,2.5835436184460328,5.15412639665205,2862.0,2777.703892342779,1157.5161837674243,6616657.81386286,inner_race
107,10,0.2991776065741513,0.0045450161477045906,0.2991430813233941,1.4742612375249502,2.78884874251497,0.07822139332026963,2.4670326066473924,4.927712519685373,2862.0,2744.567174935243,1154.2052610176722,6443033.984497441,inner_race
107,11,0.30006346460861655,0.0046270864970059875,0.3000277868189473,1.4268301796407186,2.738168982035928,0.09816346388712426,2.504778193076821,4.755094664729623,3491.0,2755.4221409169336,1174.7434066188325,6481200.78035281,inner_race
107,12,0.299633128062627,0.004622836111111111,0.29959746464028103,1.473936367265469,2.785275169660679,0.10532425034923981,2.5433561328311756,4.919136868462016,2862.0,2754.1264644703865,1152.9728520682509,6462622.15869221,inner_race
107,13,0.29852531779850544,0.004629753140385895,0.2984894148082269,1.473936367265469,2.7610723353293416,0.08960775174732921,2.55425077860726,4.937391502118177,2862.0,2745.4691656256937,1158.6949789064417,6414907.059923431,inner_race
107,14,0.29926778037618557,0.004674693526280772,0.2992312677708066,1.5075604391217565,2.7955085828343313,0.08446346558939358,2.5359592495522563,5.037496643396502,2862.0,2745.082882115454,1150.1615847831577,6446833.328714299,inner_race
107,15,0.30135185273026327,0.004617705868263473,0.30131647139921924,1.5075604391217565,2.8424523353293414,0.08644280145353758,2.631991666795443,5.002658604761117,2862.0,2748.242029309493,1155.517367300588,6536996.421153018,inner_race
107,16,0.30181985868763106,0.004308794860279441,0.3017891008387706,1.4750734131736527,2.8099653093812376,0.08987949737750467,2.6980130437927725,4.887264276073637,2862.0,2739.2893449888056,1148.1351886650323,6557519.619737979,inner_race
107,17,0.301491170137411,0.004193411773120426,0.3014620058457224,1.4931037125748503,2.7778031536926147,0.09696268487689935,2.525080470080323,4.952396157719433,2862.0,2744.772856590871,1151.052524028651,6543312.560301488,inner_race
107,18,0.30163319495101787,0.004316361630073187,0.30160230986953196,1.504961477045908,2.9304921756487023,0.09840385166868901,2.4810970787130833,4.989376176883643,2862.0,2740.8282098753066,1154.2106198797642,6549404.639095755,inner_race
108,0,0.31234598771021005,0.0045560346640053226,0.31231275764337113,1.5354992814371258,3.0370496207584834,-0.013988562052538482,2.219967622167993,4.916020508839509,2507.0,2802.7316948916427,1122.3463744074447,7022826.618265359,inner_race
108,1,0.30455751089748045,0.004507845575515636,0.304524148093934,1.3694905788423155,2.6954485429141717,-0.0193902610014531,2.2485932336043675,4.496656722753788,2507.0,2795.3307153804053,1151.704089149119,6676917.023207355,inner_race
108,2,0.30714447080262325,0.004491047075848304,0.3071116351439424,1.398891337325349,2.7248493013972053,-0.009244561398982215,2.214775103480263,4.554506007123607,2507.0,2795.319110371503,1136.3683981528445,6790864.086618988,inner_race
108,3,0.30941394141336453,0.004511324394544245,0.30938105160652646,1.483032734530938,2.823934730538922,-0.0015187001297833412,2.1947661450969624,4.7930378565252365,2507.0,2803.4444724258897,1123.7981413005948,6891597.74715637,inner_race
108,4,0.3140434375533126,0.004476982900864937,0.31401152414267647,1.483032734530938,2.960705109780439,-0.008705391665369006,2.2571452451056446,4.72238091037701,2507.0,2807.4922831126923,1117.5914073160138,7099433.090909196,inner_race
108,5,0.317712785330313,0.004616609431137723,0.3176792421290788,1.477672375249501,2.9355276646706585,-0.005759174336020918,2.21905405617096,4.650969188140242,2507.0,2817.4611653757697,1118.1274960036349,7266247.269674549,inner_race
108,6,0.31341220494916794,0.0047682290884896875,0.3133759311154239,1.507073133732535,2.8981675848303396,-0.00570960572703746,2.226916514467317,4.808597463449025,2507.0,2798.7321224509064,1133.9391739361326,7070722.185701808,inner_race
108,7,0.31130558167238254,0.0046562842115768464,0.3112707570552066,1.507073133732535,2.8981675848303396,-0.01381392076582228,2.2335919753655036,4.841137526787349,2507.0,2781.614323961262,1130.6016119388523,6976042.862626234,inner_race
108,8,0.3119104281834451,0.004532007801064538,0.31187750177733436,1.5091847904191618,2.9072639520958083,-0.02868043863802772,2.2440931687270202,4.838519825094013,2507.0,2811.013977472799,1147.664888086805,7003265.722502758,inner_race
108,9,0.3145282404826144,0.0047017660479041915,0.3144930960404697,1.5091847904191618,2.9072639520958083,-0.025258483441561362,2.2856531670558393,4.798248920680247,2507.0,2798.201671690549,1123.2215143102073,7121225.337846101,inner_race
108,10,0.31353835484352194,0.004872904993346641,0.3135004860521082,1.5075604391217565,2.887121996007984,-0.0077883900235070705,2.2877515001252995,4.808216971968667,3591.0,2798.263235651516,1136.812496346264,7076344.1038702205,inner_race
108,11,0.31054471917000126,0.005023049198270127,0.3105040926962585,1.4848195209580837,2.8128891417165667,-0.0017372357891796812,2.2855386593246356,4.781338819499455,2507.0,2806.4340392153736,1128.7846787562898,6941721.009143585,inner_race
108,12,0.3128957205090265,0.004861778186959415,0.31285794703942493,1.4848195209580837,2.8128891417165667,0.0019099674987376287,2.354483214450495,4.745413323462982,2507.0,2814.9135056789232,1123.6339443958548,7047366.8788655475,inner_race
108,13,0.3161216633849957,0.004718578083832335,0.3160864455843738,1.4320281037924152,2.7782904590818363,-0.005042714252501844,2.364525944678534,4.529990410838717,2507.0,2806.0509272765316,1126.4717248968097,7193566.16517912,inner_race
108,14,0.3225073463505673,0.00468561728875582,0.32247330655529943,1.517468982035928,3.0240548103792415,-0.024983594021589544,2.3750222493020674,4.70522299478546,2507.0,2828.622213563522,1116.941117863672,7487210.440873727,inner_race
108,15,0.31864950130221514,0.0045983896240851625,0.3186163201925092,1.517468982035928,3.0240548103792415,-0.03135059125532156,2.395830807715183,4.762188473022974,2507.0,2810.1006705995705,1122.8692266731862,7309177.907079774,inner_race
108,16,0.31340346920842366,0.0046996679274783765,0.31336823009559667,1.6714574850299402,3.1882767265469063,-0.015146172919646235,2.39368594985889,5.333244999653676,2507.0,2806.9518207415895,1127.866216724879,7070374.653459486,inner_race
108,17,0.32126359503350765,0.004980152787757817,0.3212249921348963,1.6714574850299402,3.1882767265469063,-0.01651544507487877,2.344652468625256,5.202760321646802,2507.0,2854.457166331063,1101.144873239473,7429355.681418488,inner_race
108,18,0.3167548810354089,0.005119143113772455,0.31671351255280655,1.4641902594810379,2.9100253493013972,-0.02035793927415902,2.3026068028952844,4.622471024581817,2507.0,2836.8342708793975,1114.7884161939357,7222136.411423508,inner_race
118,0,0.13826566756094869,0.015263311719893546,0.13742061759945678,0.5258025149700598,1.0462446706586825,-0.02480805141038254,-0.03549394129526284,3.8028421968040735,3365.0,2746.264489643462,1068.8237252728272,1359678.685901756,ball
118,1,0.13854018661849477,0.015035374624085163,0.13772189665481946,0.5258025149700598,1.0462446706586825,-0.04462985934342239,0.009289119672550417,3.7953068189375925,3356.0,2755.5336943767516,1065.7922251225111,1365647.1026162526,ball
118,2,0.13708024504191815,0.014904221793080505,0.1362675961242987,0.5579646706586827,1.070122634730539,-0.02041299209174543,-0.060084327593600495,4.070350694865341,3263.0,2752.9469107971418,1062.5826641270735,1336957.7583425227,ball
118,3,0.1389785579365872,0.014592969011976048,0.13821029202468546,0.5670610379241517,1.1250257085828346,0.011278008555461202,-0.08186216488243359,4.080205222613469,3263.0,2766.913858061072,1057.183316777731,1375350.1151984783,ball
118,4,0.14031066707383172,0.013966578542914172,0.13961381729079775,0.5920760479041917,1.048193892215569,0.011748912633649543,-0.026775184006130104,4.219750787676323,3446.0,2766.516907069557,1049.6697563622463,1403425.2970533276,ball
118,5,0.13905835917670203,0.013585031959414505,0.13839318683944796,0.5920760479041917,1.0676861077844313,0.0025022028050997115,-0.01426531993614022,4.257752294860881,3446.0,2761.970490152843,1053.0627088208112,1378992.5397814543,ball
118,6,0.13872326204710483,0.013386590375914838,0.1380758582486351,0.4954271457085829,0.9710372055888223,-0.01438911490986038,-0.12130342223990764,3.5713343126285175,3263.0,2769.551302027918,1046.3604872734854,1372675.8707814876,ball
118,7,0.1375898988828112,0.01282017907850965,0.13699132557566246,0.6070200798403194,1.1456549700598804,-0.03414883180663348,-0.021967813688394067,4.4118070059585826,3446.0,2773.496075750494,1054.7053786772167,1351196.8822788415,ball
118,8,0.1382653693338389,0.012345015715236194,0.1377131545786874,0.6070200798403194,1.1456549700598804,-0.027351009338125454,0.02419949813117439,4.390253920883701,3446.0,2760.8188556652685,1062.7771782066532,1365473.7410573405,ball
118,9,0.1385956697746114,0.012169531630073185,0.13806035701886976,0.5495180439121756,1.0348742115768463,-0.006642827572408888,-0.08640822368097201,3.9649005254335794,3231.0,2745.1990343039665,1059.5029357830754,1372367.6771957548,ball
118,10,0.13579888259312992,0.012019252062541582,0.1352659384080108,0.5790812375249501,1.0493309381237526,-0.014574046171371959,-0.07732019084093178,4.264256277129676,3231.0,2752.4020307578517,1055.8895988259062,1317374.9348786615,ball
118,11,0.13657091127846163,0.011838285791749835,0.13605685869129233,0.5790812375249501,1.0896148502994012,-0.002117818925533221,-0.09054410709941729,4.240150644848747,3231.0,2754.631395504095,1061.5749978112644,1332825.7555437586,ball
118,12,0.1376502687537137,0.01159681243512974,0.13716089249240845,0.5160564071856288,0.993128383233533,0.01888332411452223,-0.020297302564005193,3.7490403168697486,3447.0,2760.1365558892135,1065.685113436954,1354543.9720551055,ball
118,13,0.13834855630646845,0.011293708483033932,0.13788682018519507,0.5391221956087824,1.0410467465069861,0.008465651980268146,0.0034363106761432505,3.8968400538602217,3446.0,2777.52775612245,1060.4457547946122,1368919.8282338022,ball
118,14,0.1403757913783856,0.011133899387890884,0.139933552408021,0.5391221956087824,1.07044750499002,0.00736970570231031,-0.09486747851186372,3.8405638915015503,3446.0,2780.1931521603055,1064.109933878316,1409860.7479571493,ball
118,15,0.14025872174425139,0.01114114128742515,0.1398155356036838,0.565923992015968,1.1235637924151696,0.002896504161590694,-0.03064754086704724,4.034857761272609,3446.0,2777.1186250885903,1057.2465557349317,1407483.6595037463,ball
118,16,0.1432670784259176,0.011266067438456422,0.14282342764816344,0.565923992015968,1.1235637924151696,-0.007531658032213363,0.06357494536080921,3.950132844431551,3364.0,2772.5106212017336,1046.0284546361995,1468694.2689183173,ball
118,17,0.14443688867070534,0.011270750984697273,0.1439964755857402,0.5582895409181636,1.0774322155688623,-0.008304504501309097,0.01591274426301581,3.8652836270309097,3263.0,2793.069624493826,1044.1957524114382,1492918.9392536716,ball
118,18,0.14121403698071672,0.010784420206254159,0.14080163536410423,0.522391377245509,1.0155444311377246,-0.015332986616775943,0.038388706620237745,3.6992878924411983,3446.0,2770.8852926534723,1049.6141851738378,1427407.2375420942,ball
119,0,0.13847130515995004,0.004208585921490353,0.13840733418876847,0.5152442315369261,1.0301635928143713,0.017413049045234164,-0.016361597281587592,3.720945873527809,3478.0,2780.125298698055,1046.286991363114,1379274.5003660093,ball
119,1,0.13772393361885193,0.003882578616101131,0.137669195809156,0.5152442315369261,1.0301635928143713,0.008584258356318448,0.08376678714520613,3.7411379271438294,3478.0,2773.915926587839,1045.5166117543392,1364602.1458414565,ball
119,2,0.1387644332023076,0.0036719679341317367,0.13871584110493076,0.6396695409181637,1.2310958483033931,0.0065825156250358145,0.11545101515279343,4.6097514049985415,3389.0,2776.5762653717743,1056.1316916676803,1385430.1121012336,ball
119,3,0.1386796700006261,0.003414075093147039,0.1386376390549872,0.6396695409181637,1.2310958483033931,0.02036030946386112,0.06653847554532977,4.61256895776631,3389.0,2780.690534068547,1051.2327575579568,1383868.452056748,ball
119,4,0.13518349178027933,0.0033789891051230867,0.1351412552943634,0.5298633932135728,0.9996257884231536,0.03627290144300685,-0.05445965768210259,3.9195865281745124,3478.0,2783.203098583349,1044.1106264647576,1314947.439661677,ball
119,5,0.13736839876697585,0.0035252348669328,0.13732315791204283,0.6596490618762475,1.251075369261477,0.03655944458625217,0.0006585224914656962,4.802043758224478,3478.0,2792.2037654381925,1053.6531964350102,1357750.8039964824,ball
119,6,0.13918985546474869,0.0037303633632734525,0.1391398586080767,0.6596490618762475,1.251075369261477,0.02607069519280472,-0.018241855403680063,4.739203584009114,3478.0,2796.274840558392,1043.945290626252,1393912.8318415731,ball
119,7,0.14115936423671327,0.003971958546240851,0.1411034714563041,0.5214167664670659,0.997514131736527,0.023313767159217985,-0.08035542840682464,3.693816342164099,3478.0,2783.13599558344,1049.416797922282,1433533.6660627946,ball
119,8,0.14030105132165088,0.003978469487691284,0.1402446319204269,0.5214167664670659,1.0300011576846306,0.013067271748240718,-0.010169190573761089,3.7164138226710657,3478.0,2775.414328916236,1050.8494520906386,1416136.0931525799,ball
119,9,0.1374883091564839,0.003946726956087825,0.13743165028858156,0.513619880239521,1.023178882235529,0.0007351647383335449,-0.015842837720448255,3.7357349391426333,3478.0,2768.293191863362,1056.2267213331093,1359897.0170324596,ball
119,10,0.1395880798719322,0.003985021037924152,0.13953118522273159,0.5470815169660679,1.0399097005988023,0.003398674150091562,-0.04644684774806773,3.919256697763867,3478.0,2790.347962664256,1045.0978373250025,1401764.5328804683,ball
119,11,0.1400540919266594,0.003933109477711244,0.13999885469259205,0.5470815169660679,1.066386626746507,0.007219609351289388,-0.08840687520791102,3.906215873025346,3478.0,2795.4732764578885,1041.7328720323978,1411176.9233931298,ball
119,12,0.13958774710676894,0.00385960758150366,0.13953437774132968,0.5285639121756487,1.0415340518962075,0.0047013395755197964,-0.08140396357147983,3.7866067984560043,3319.0,2795.605900909818,1044.0756668616498,1401828.6709585772,ball
119,13,0.14204369722043755,0.0038202712075848305,0.14199231474960833,0.562187984031936,1.0907518962075846,-0.003330846203184845,0.009430903119524547,3.9578523724250627,3319.0,2794.061113194129,1046.416378749488,1451650.8654507326,ball
119,14,0.14009097941878823,0.003927586683300066,0.14003591174181185,0.562187984031936,1.0775946506986027,-0.016572118919468474,-0.0033783815570340714,4.013020583940171,3478.0,2785.649565450545,1048.845229532303,1411924.0814937537,ball
119,15,0.13704470061159973,0.00407406256154358,0.13698413039461044,0.5214167664670659,1.0368234331337325,-0.01596345189069285,-0.08019487939112047,3.804720387874175,3478.0,2772.482039697115,1057.2998798349029,1351054.942561047,ball
119,16,0.1380366778578015,0.004070854467731204,0.13797663779756708,0.47642223552894214,0.9445602794411178,-0.009367052611898723,-0.13807503449461267,3.4514177168167475,3478.0,2783.3435709887053,1041.5120691794052,1370703.7862663674,ball
119,17,0.14002819575379974,0.004050468858948769,0.13996960137146616,0.4968890618762475,0.9614535329341317,-0.0040005957949947905,-0.1895447443282121,3.5484929245956107,3478.0,2787.5862438173995,1041.4746059072856,1410587.2303507302,ball
119,18,0.1414152837704389,0.004094001473719228,0.14135601025710562,0.5292136526946108,1.0442954491017966,-0.0014881235211838897,-0.13575421417318045,3.7422663136870664,3478.0,2786.707123835669,1042.2269715682644,1438669.5603205883,ball
120,0,0.14433062631435908,0.0048487021590153025,0.14424915867923918,0.49965045908183636,0.9658392814371257,-0.006166795717756857,-0.2754677476803189,3.461846399762539,3432.0,2749.447054280534,1081.9127226514731,1498163.0393818012,ball
120,1,0.14683579970666627,0.004756642049234864,0.14675873545350432,0.49965045908183636,0.9820827944111776,0.00027314805013595026,-0.28402766114315314,3.4027836541224112,3432.0,2759.120282771317,1075.1133321683867,1550745.1258066176,ball
120,2,0.14754348843845763,0.004814468955422489,0.14746491741857298,0.5667361676646706,1.124863273453094,0.00667053749689454,-0.18924642200176844,3.8411465911697205,3432.0,2738.9711727305053,1066.1826735467782,1565704.9345885105,ball
120,3,0.14722165085318614,0.004827612664670659,0.14714247733369637,0.5667361676646706,1.124863273453094,0.021438439721278273,-0.1678299221844517,3.849543626092313,3432.0,2748.1641761686565,1069.8956872614285,1558865.4260558544,ball
120,4,0.14658436578753137,0.0047384899234863605,0.14650775749624256,0.5522794411177645,1.084579361277445,0.02180902639615037,-0.22279104545440642,3.767655835263313,3432.0,2757.3737268590635,1068.9797503311634,1545445.6674224061,ball
120,5,0.14863948925500592,0.004759295156353959,0.14856327566260688,0.5522794411177645,1.084579361277445,0.02358416687216908,-0.19665324251269745,3.715563366678917,3432.0,2759.608328661031,1061.7882684567794,1589115.377196709,ball
120,6,0.15025615765069056,0.004807606071190951,0.1501792257131905,0.5191426746506986,1.0351990818363275,0.030665585880868006,-0.2061055498640112,3.455050912838997,3432.0,2775.676724374599,1067.728065298827,1623873.6148175758,ball
120,7,0.15012077348004135,0.004719918173652695,0.15004655611735948,0.5488683033932136,1.0702850698602795,0.03623888745591218,-0.17228683185644167,3.6561782268340495,3432.0,2761.327567511889,1077.6492060144346,1621005.797915862,ball
120,8,0.14961440115969585,0.0046456176380572185,0.14954225914815975,0.5488683033932136,1.079219001996008,0.02990892960957085,-0.11991042457433965,3.6685526201943683,3432.0,2770.1908961773593,1075.2889995676596,1610127.9253211347,ball
120,9,0.14823169216143936,0.004744567704590818,0.1481557411588909,0.6045835528942115,1.1349342514970058,0.033975564303148284,-0.11270585529853427,4.078638947437493,3432.0,2751.8768691065566,1060.6509813641387,1580408.903132054,ball
120,10,0.14715124896235415,0.004764506616766467,0.14707409543451055,0.6045835528942115,1.1341220758483033,0.03943388568002634,-0.10427408552539141,4.108585942405985,3432.0,2740.080718172577,1072.5421747398893,1557416.8474816391,ball
120,11,0.14572183348108833,0.0046662875083167,0.14564710266249642,0.5519545708582835,1.0428335329341318,0.03636208493069942,-0.14506404356332014,3.7877273272842515,3432.0,2760.130151167666,1088.1658629406097,1527341.7069975825,ball
120,12,0.14761417556718734,0.0045581327844311376,0.14754378419269276,0.5519545708582835,1.0490060678642714,0.04073449611945526,-0.15825114230138082,3.7391705013253187,3432.0,2759.054851766807,1067.9110255176759,1567380.1337560173,ball
120,13,0.1500728845248963,0.004470661467065868,0.1500062793874635,0.5677107784431138,1.070772375249501,0.05228250330831677,-0.12139610563472969,3.7829004236200547,3432.0,2745.5485878734517,1071.385159597424,1620135.6477550222,ball
120,14,0.1480416774131896,0.004300483596141051,0.14797920155261757,0.5677107784431138,1.0818179640718564,0.04967676538009663,-0.15681940786546233,3.8348037415072835,3432.0,2735.3690905272674,1066.4808563348986,1576644.7751678089,ball
120,15,0.14509095256063181,0.004087964301397206,0.14503335155343414,0.5241781636726547,1.0483563273453094,0.029550793104268905,-0.16335920012307925,3.612755684773706,3432.0,2745.597102394751,1075.030614130681,1514496.476341425,ball
120,16,0.14571702419348673,0.004058252208915502,0.14566050160841143,0.5548784031936127,1.1040715768463074,0.029019608927710577,-0.09219149329496101,3.8079174774858924,3432.0,2749.3437195235333,1073.1704063910802,1527622.7033454955,ball
120,17,0.1452372208427056,0.004159381613439787,0.14517764932215502,0.5548784031936127,1.1040715768463074,0.03224031700893731,-0.09517761118375923,3.820497252522861,3432.0,2742.837855760435,1080.0038540428984,1517511.612239172,ball
120,18,0.14510134542994502,0.004158109204923486,0.14504175458611965,0.5236908582834332,1.0329249900199602,0.023308524092029957,-0.15616816935084188,3.609138541973557,3432.0,2745.0881248332566,1082.65088352589,1514671.9855081683,ball
121,0,0.15480458727035074,0.003428179876912841,0.1547666237361117,0.6239133333333333,1.233532375249501,0.035955493088764216,-0.1670027051594456,4.030328456893407,3380.0,2693.925740973177,1066.9512250463933,1724594.9646605905,ball
121,1,0.1541625433759575,0.0038169954324683967,0.15411528258421517,0.6096190419161677,1.1688831936127744,0.011563437719200252,-0.15355496350046316,3.954391440140453,3380.0,2702.81215418182,1060.1693783597327,1710109.463528638,ball
121,2,0.1541502004385643,0.0039693054391217565,0.15409908795830204,0.5873654291417165,1.1360712974051896,0.013092388139285453,-0.15373560667844233,3.810344893945225,3438.0,2700.9803858707915,1062.206073669092,1709750.0842450545,ball
121,3,0.15469495383641582,0.0039493800632069195,0.1546445315540358,0.548705868263473,1.0431584031936127,0.023808503620103786,-0.21839147044244678,3.5470185332852493,3381.0,2708.1082776682024,1068.0123189582207,1721875.0528538935,ball
121,4,0.15480614850929922,0.003908148612774451,0.15475680919010856,0.5236908582834332,1.0257778443113774,0.007075397217750185,-0.24990975141514182,3.3828815155360257,3380.0,2714.669584769031,1059.8888582858692,1724376.2465744629,ball
121,5,0.15455044560615674,0.003874754657351963,0.15450186572791588,0.5940252694610779,1.173431377245509,0.022617451123042514,-0.14689082999506908,3.8435687916089325,3381.0,2709.7277008545493,1056.222364194631,1718699.5101685165,ball
121,6,0.15348725378487746,0.0039834914404524285,0.15343555282387203,0.5940252694610779,1.173431377245509,0.02248908215841435,-0.055732682295032365,3.870192832387526,3381.0,2715.5377598235987,1052.1728627714156,1695057.7594326783,ball
121,7,0.15633819342515354,0.00407311502328676,0.15628512551566703,0.6258625548902196,1.1661217964071855,0.008959701985754362,-0.09699192555321234,4.003260759117378,3381.0,2724.5061124958506,1050.842777812274,1758602.9192536955,ball
121,8,0.15896143829575038,0.004111057162341983,0.15890826936966373,0.6258625548902196,1.2090046706586826,0.014089844665747161,-0.18023532059285685,3.937197358052284,3381.0,2738.460425032804,1034.4213565244556,1818132.341545219,ball
121,9,0.1586401212052823,0.004215029181636727,0.15858411517243653,0.583142115768463,1.1159293413173652,-0.0016206036779138156,-0.19383429599430535,3.675880422543739,3381.0,2743.958316962946,1025.7331664522944,1810722.3546389744,ball
121,10,0.15662059717971566,0.004258724231536925,0.1565626862596911,0.5815177644710579,1.1297363273453094,0.0013353485040980171,-0.1386974561343446,3.71290733749272,3382.0,2724.3585970568442,1044.882074167844,1764854.9843813947,ball
121,11,0.15379497597613884,0.004418018948769128,0.15373150537241687,0.720562235528942,1.3920690618762475,0.03372098500762877,0.09920665166264353,4.685213095912422,3382.0,2727.0315837943103,1044.0188395380485,1701603.056663442,ball
121,12,0.15152148720350736,0.004498424337990685,0.15145469706429715,0.720562235528942,1.3920690618762475,0.03182635558326024,0.12522367162204961,4.755511900177962,3382.0,2717.5324054823536,1059.9401709822735,1651573.8380485205,ball
121,13,0.151851191015278,0.004448069447771124,0.15178602995976356,0.6222889820359282,1.1748932934131737,0.0252159529726288,-0.001144548248092736,4.098018447371405,3382.0,2709.2184983111033,1050.3561061557768,1658807.9201988417,ball
121,14,0.1517194455831351,0.004492116440452429,0.15165292960552823,0.5946750099800399,1.1752181636726546,0.01640270222971905,0.027305902732011056,3.9195701493266135,3382.0,2714.6289270470734,1052.1166990201618,1655900.0033568926,ball
121,15,0.1491842374224828,0.004449111739853627,0.14911787988049593,0.5946750099800399,1.1752181636726546,0.025236003960601872,-0.1120735844776144,3.9861785685571323,3382.0,2707.9354396090484,1052.0076112311347,1601002.2346487502,ball
121,16,0.15073568174595844,0.004423189800399203,0.15067077070025398,0.5565027544910179,1.0753205588822354,0.04776383357316015,-0.15311703144180377,3.6919112186649796,3381.0,2706.299248549397,1055.9618011567818,1634521.0451902621,ball
121,17,0.15205237789234205,0.004631797115768463,0.15198181495887575,0.5565027544910179,1.1030969660678642,0.03691743484965878,-0.09984197081361046,3.6599411479446884,3381.0,2714.9919203735626,1057.3211205648088,1663089.994750389,ball
121,18,0.1493961553014739,0.00484749743180306,0.149317490561256,0.5465942115768464,1.0368234331337325,0.018672220080085983,-0.1377730550627696,3.658689947367433,3381.0,2727.003509136545,1073.6156657727945,1605291.3802524,ball
130,0,0.6764078700101428,0.03372088996174318,0.6755668051287351,3.547583233532934,6.760144011976047,0.08273904135319339,4.620690955942053,5.244739735922554,3445.0,3204.773859186436,948.351804242584,32860118.245429747,outer_race
130,1,0.6618720366907797,0.0323230003077179,0.6610823069817465,3.4923552894211576,6.704916067864271,0.05092278818919127,4.547756894713275,5.276481095775244,3337.0,3205.347998322716,961.8651032017492,31466147.319539554,outer_race
130,2,0.6466910424901225,0.030434184314703926,0.6459745079041898,3.366874151696607,6.373142315369261,0.04347302589176897,4.446700449745029,5.20631017051397,3444.0,3238.02329118555,983.5247399703319,30044382.74627821,outer_race
130,3,0.6494273801320017,0.028501781561876247,0.648801641885187,3.3295140718562872,6.511212175648702,0.05445183784487378,4.590917638989323,5.126845854850676,3444.0,3214.0656008355486,962.1445783293182,30307937.07838836,outer_race
130,4,0.6746548856793175,0.026999425815036594,0.6741144159388903,3.3295140718562872,6.613140219560878,0.0475137761879954,4.663857311851611,4.935136678812846,3337.0,3208.4798979725174,933.3946648187849,32718977.75001529,outer_race
130,5,0.6943674163360671,0.025660926505322684,0.6938930938697355,3.4253507984031937,6.708976946107785,0.04717949472720978,4.5984773911150345,4.933052326213068,3445.0,3205.8287785874886,932.5036789599014,34667109.905168444,outer_race
130,6,0.6941212232893964,0.02465931088656021,0.6936830623616004,3.4635230538922155,6.700855189620759,0.04734650802607553,4.617467166215187,4.989795640419694,3445.0,3200.573355567881,915.3109217424521,34646125.79421255,outer_race
130,7,0.6811547358386736,0.024162327070858282,0.6807260507031988,3.4635230538922155,6.651312475049901,0.06121630970597408,4.56214505835814,5.0847815799559015,3337.0,3212.5911309490766,933.5031152649236,33363933.619281027,outer_race
130,8,0.665123853935349,0.023712584805389222,0.6647010263236086,3.3006818363273456,6.458420758483034,0.06803580215155193,4.460580874762868,4.9625070831517295,3337.0,3212.6247076268082,941.5566545958204,31811576.719952535,outer_race
130,9,0.6556267715099396,0.022974757069194947,0.6552241021651737,3.466771756487026,6.624510678642714,0.06084800991658512,4.452053543178978,5.2877214707124995,3444.0,3224.7752382641374,945.7972930411771,30910940.947861485,outer_race
130,10,0.654577605970855,0.021813007485029942,0.6542140589615862,3.466771756487026,6.624104590818364,0.04583443258074652,4.587000727783691,5.2961966997712775,3444.0,3215.4822469775186,963.162815369011,30815714.563020796,outer_race
130,11,0.6614813260062428,0.020852169851962744,0.6611525782052446,3.4087011976047905,6.749585728542915,0.05006982869590881,4.736607028715958,5.15313292090217,3337.0,3205.9288053575037,964.3900594371042,31472836.989419412,outer_race
130,12,0.6769135894838354,0.019526394627411844,0.6766318995885022,3.630425149700599,7.039126347305389,0.07557544178263889,4.828350183041909,5.363203230221592,3445.0,3203.3292899968433,922.6909600425107,32963812.467044607,outer_race
130,13,0.6920946338987652,0.01827182013473054,0.6918533969421773,3.630425149700599,6.876285129740519,0.06514736686333025,4.753654935985323,5.245561765519529,3445.0,3179.354784570291,928.2376483217953,34463601.01010968,outer_race
130,14,0.6896033075038522,0.0179750376164338,0.6893690011473828,3.430223852295409,6.67608383233533,0.03891744254400294,4.571734543956412,4.9741986660588156,3445.0,3213.260468738589,896.5872875241726,34216532.63555573,outer_race
130,15,0.6693484684655587,0.017491759264803727,0.6691198775966912,3.346163672654691,6.476694710578842,0.020828293688347512,4.532980139239491,4.9991354732245386,3445.0,3225.5920304468473,921.4296072116578,32235941.608481865,outer_race
130,16,0.6511984826979904,0.017032304732202262,0.650975701899598,3.383117664670659,6.5262374251497,0.043466791642385386,4.699653979301323,5.195217363919541,3445.0,3233.856610153501,946.5356201402093,30511394.510616273,outer_race
130,17,0.6493518674001061,0.017393790577178977,0.6491188671925676,3.4058585828343313,6.61679500998004,0.07735558527770714,4.805021008817525,5.245012378990773,3337.0,3217.1480152978484,958.3302993077986,30337581.88795768,outer_race
130,18,0.6615571056680097,0.01712939356287425,0.6613353067363049,3.4058585828343313,6.61679500998004,0.0715601514172186,4.870871079289511,5.14824578808696,3349.0,3213.1816429797145,931.1551159913507,31490236.381333217,outer_race
131,0,0.6005299941688693,0.0036893755655355953,0.6005186611624977,3.0712422155688626,6.083195608782436,0.03219076418598772,4.544639950434705,5.114219515079255,2870.0,3235.594041023298,975.7330166982546,25964831.69939769,outer_race
131,1,0.5917966060473808,0.0034939796407185628,0.5917862916927606,3.0712422155688626,6.083195608782436,0.034843725814183865,4.552978199911097,5.189692174954735,2870.0,3229.3324163485977,985.7425961633429,25215193.09446008,outer_race
131,2,0.5878629282844207,0.0033365867681304055,0.5878534593245774,3.0111412175648704,5.960150998003992,0.047567455937348936,4.584218480166566,5.122182523657991,2870.0,3249.2532631221384,1002.3757460595393,24881163.376860995,outer_race
131,3,0.5891986915317202,0.003294421315701928,0.589189481313852,3.0143899201596804,5.963399700598802,0.02994937210726531,4.590152701601001,5.116083866926573,2870.0,3226.2888722976936,987.1690762790655,24994385.63802182,outer_race
131,4,0.5902453571507061,0.0031637287175648697,0.5902368782603865,3.0143899201596804,5.940658782435129,0.023980820358837716,4.515379767070447,5.107011658187465,2870.0,3248.307462109777,999.7895691301408,25083331.600927643,outer_race
131,5,0.5892377666803296,0.003378989105123087,0.5892280781794517,3.0960135728542912,6.022282435129741,0.032179027180362835,4.589652578365052,5.254268731443899,2870.0,3230.452356049741,974.3720758135203,24997660.457426332,outer_race
131,6,0.5871742969409943,0.0038493403276779773,0.5871616792393665,3.0960135728542912,5.9906075848303395,0.04083373409711421,4.615704766683836,5.27273347791893,2870.0,3220.9051683108146,975.2681660268454,24822636.31931351,outer_race
131,7,0.5886224606332859,0.004045683790751829,0.5886085571962486,3.063526546906188,5.901674351297405,0.05315813225666894,4.595233261275734,5.2045695701285455,2870.0,3220.5969627116324,975.0051049571762,24945122.421945784,outer_race
131,8,0.5931910292644748,0.004347711610113107,0.5931750960750142,2.948197604790419,5.884618662674651,0.03436390509564345,4.515677270167718,4.970064379506931,2870.0,3227.4519244592125,971.2958913095389,25333682.011515103,outer_race
131,9,0.5947707469505962,0.0045411786177644705,0.5947534103516613,3.080988323353293,6.029185928143712,0.022343361082433053,4.440818048003202,5.180127535104229,2870.0,3229.997521867256,981.2775846143575,25468677.083709177,outer_race
131,10,0.59426739592506,0.0045883863273453096,0.5942496820112426,3.080988323353293,5.9199483033932125,0.04095731909510141,4.456232876606565,5.18451516014488,2870.0,3221.0613248080376,992.1658000251992,25425553.72981651,outer_race
131,11,0.5947861567644468,0.004450959439454424,0.5947695026131462,2.961192415169661,5.792030638722555,0.037088934248852096,4.430094931289091,4.978583279876808,2870.0,3238.482318912289,988.7184384983582,25470055.637231544,outer_race
131,12,0.5948703507221402,0.004239150798403193,0.5948552460630995,2.9388575848303393,5.769695808383234,0.02634439643546207,4.514664761029159,4.940332933491686,2870.0,3224.4354745543487,978.5166039122656,25477399.33314774,outer_race
131,13,0.5960025064348651,0.00436760991350632,0.5959865029178805,3.011953393213573,5.798121956087824,0.01223601617382354,4.559855118828453,5.053591823347035,2870.0,3227.3021884804566,964.4914281607446,25574393.682522275,outer_race
131,14,0.5926154546259742,0.004465984688955422,0.5925986264262753,3.011953393213573,5.964211876247505,0.020417844585919002,4.576569432117128,5.082475270771583,2870.0,3230.477895776322,966.8593372541482,25284465.507373445,outer_race
131,15,0.5878433741124268,0.004527134747172321,0.5878259415327496,3.112257085828343,6.064515568862275,0.045513705307871896,4.679543461181603,5.294364490418012,2870.0,3227.54544693472,965.7647366633425,24878832.304460764,outer_race
131,16,0.5898202826457764,0.004508793113772454,0.5898030489960192,3.112257085828343,6.074261676646707,0.042086423528484206,4.718859192629668,5.276619298114993,2870.0,3231.514411482425,959.8891768036373,25046469.98185131,outer_race
131,17,0.5905405541346315,0.0043368487608117096,0.5905246293089421,3.098450099800399,6.060454690618762,0.03131025557258244,4.732601621902392,5.2468032518796575,2870.0,3232.6935036124314,957.4379170660018,25107792.35167827,outer_race
131,18,0.5916880759205905,0.004351738647704592,0.591672072652878,3.0907344311377245,6.0527390219560875,0.016634410892940536,4.770849074973426,5.223587489622703,2870.0,3237.999375517429,963.2375561354945,25205461.11200969,outer_race
132,0,0.5621475525199261,0.00427485268629408,0.5621312982201343,2.928705389221557,5.649493812375249,0.013862443585686328,4.8218988008653465,5.209851712585274,2833.0,3207.8940337299273,1025.0522401606615,22751394.956317943,outer_race
132,1,0.560330668585664,0.004455595608782436,0.5603129534692449,2.928705389221557,5.805025449101796,0.03237877445452843,4.893154684924986,5.226744765932463,2833.0,3215.103824356634,1032.9886531512711,22604443.68771071,outer_race
132,2,0.566947206298771,0.00433028367431803,0.56693066892988,2.985557684630739,5.861877744510979,0.0384519040623521,4.835155674028144,5.266024157913221,2833.0,3220.84564609454,1008.4373790708776,23141547.602955483,outer_race
132,3,0.5600334719743814,0.003918849026946108,0.5600197606816961,2.985557684630739,5.679950399201597,0.029016693576480863,4.853975720672304,5.3310343649733,2833.0,3212.703117276306,1016.4486641663356,22580793.53493284,outer_race
132,4,0.5635926873331066,0.003674079590818363,0.5635807114819609,3.0822065868263473,6.020658083832336,0.04087942814766648,4.8591251531468505,5.468854823882119,3462.0,3219.1544139164735,1004.4150097634354,22868871.726928633,outer_race
132,5,0.5725008427542296,0.003544266849634065,0.5724898716368716,3.0822065868263473,6.020658083832336,0.019144659962233718,4.766668270560203,5.383759038673618,2833.0,3210.425130938689,998.109457665938,23597615.038855292,outer_race
132,6,0.5718492437113926,0.0036743503160345976,0.5718374390358214,2.8600765469061877,5.596702395209581,0.005320662404008412,4.7723804731747155,5.001452005678693,3462.0,3219.2241413165266,1010.951246524861,23543860.589120626,outer_race
132,7,0.571564827080902,0.00386934015302728,0.5715517297347648,2.9116497005988027,5.649087724550899,0.014252273501042828,4.8738984071691736,5.094172283954545,2833.0,3236.3194105991747,998.8235998573598,23520339.358452346,outer_race
132,8,0.5715153159510344,0.003892588680971392,0.5715020595938141,2.998146407185629,5.8021828343313375,0.0006878544378196033,4.906949796930511,5.24595986057966,2833.0,3232.825518235281,1001.6987890364449,23516252.859120786,outer_race
132,9,0.5712319203928793,0.0038826733699268146,0.5712187249410152,3.0095168662674654,5.853349900199601,0.013686835929444289,4.793778420293148,5.268467602786612,2833.0,3218.8578280585502,981.0152667502286,23492939.88757223,outer_race
132,10,0.5670499541177411,0.0037256189038589486,0.5670377149967324,3.0095168662674654,5.853349900199601,0.030827738801721058,4.847374811065201,5.307322299231816,2833.0,3203.1905202424405,1021.968430575749,23150287.755693905,outer_race
132,11,0.5691784986055158,0.0038886970059880234,0.569165214424094,2.9189592814371257,5.724620059880239,0.024845428652636233,4.901024170531068,5.128372362252896,2833.0,3216.8416399440202,980.9392945953285,23324330.977583095,outer_race
132,12,0.5689234012360542,0.003930963980372588,0.5689098206185101,3.005455988023952,5.823705489021956,0.011662599631339532,4.9799772385778,5.2827076219649935,2833.0,3203.0024722080275,1006.3091206178577,23303403.701689698,outer_race
132,13,0.5724017885213831,0.0037624713739188276,0.5723894227810631,3.005455988023952,5.823705489021956,0.01692435542403314,4.91763972610924,5.250605515729757,2833.0,3211.427576173003,999.2531966660282,23589334.899346936,outer_race
132,14,0.5769193798055741,0.003942706686626746,0.5769059072840487,3.1012927145708584,6.031216367265469,0.03460657752670995,4.790170421754377,5.375608487300282,3357.0,3210.6304688307137,990.1189877757221,23963070.67073535,outer_race
132,15,0.5758650376250006,0.004058780123087159,0.575850734012518,3.1012927145708584,6.031216367265469,0.02812152000323771,4.835061696757427,5.38545060377567,3357.0,3206.6921986389684,990.7564781926257,23875492.913095932,outer_race
132,16,0.5776551627988649,0.0039227745425815036,0.5776418431416401,3.010329041916168,5.8907099800399205,0.018333204139067742,4.852568508929241,5.211290811165729,2833.0,3218.8761436064688,985.9132024918068,24024247.148931995,outer_race
132,17,0.5782302385365956,0.0037541804141716564,0.5782180513331507,3.0302273453093815,5.910608283433135,0.015389304722001146,4.82201977225182,5.240520372954521,2833.0,3198.354269320555,983.9151150154797,24072200.27448362,outer_race
132,18,0.5738838205038875,0.0037839940286094466,0.5738713451857739,3.0302273453093815,5.902486526946108,-0.0032544374020846605,4.835708167246061,5.280210448603952,2833.0,3205.7353898911565,981.719441790616,23711639.114527922,outer_race
133,0,0.5669407914999361,0.00458283646041251,0.5669222686370251,3.0862674650698603,6.047459880239521,0.0048922208734309735,5.053919927152082,5.443720951714599,3413.0,3180.1298966345835,993.4371729843717,23140861.83193595,outer_race
133,1,0.572202342473601,0.004704832010978045,0.5721829998243785,3.1630180638722556,6.124210479041917,-0.007934082444514228,4.999966917301168,5.5277964263457795,3413.0,3184.9505055088666,983.29351593089,23572323.74576819,outer_race
133,2,0.5768901529709353,0.004899314238190287,0.5768693485658816,3.1841346307385225,6.122992215568862,0.007940861067891235,4.965047417993447,5.5194816800746205,3309.0,3179.0896936545064,988.0177678061056,23960033.696440384,outer_race
133,3,0.5759443679863163,0.004994304948436461,0.5759227135069768,3.1841346307385225,6.027967664670658,-0.01192098071474526,5.070146679559693,5.528545477180833,3309.0,3196.4102392309874,1010.9354996441173,23881463.59222833,outer_race
133,4,0.5766871443015165,0.0052498018712574855,0.5766632483373209,3.134998003992016,6.122992215568862,-0.024817895105315135,5.064078258317968,5.436219681624992,3309.0,3197.1137076106147,1001.7813012584774,23942916.269348785,outer_race
133,5,0.580729962075982,0.005335046473719229,0.580705455572698,3.134998003992016,6.122992215568862,0.005251210139096695,4.997929090097948,5.398374819141562,3413.0,3197.4711807308286,1020.4675587061834,24279757.05898963,outer_race
133,6,0.5853263828941563,0.005102561194278111,0.5853041417769185,3.1301249500998,6.104312175648703,0.004482115906464552,4.9065920895611495,5.347657378132938,3413.0,3180.142258819544,1024.0371211446022,24665827.74259258,outer_race
133,7,0.5842936618797768,0.004884864279773786,0.5842732420827152,3.236113872255489,6.239133333333333,0.00458463879257489,4.911911112352442,5.5385058633775595,3413.0,3188.1079294661267,1011.6595159893067,24579015.941909872,outer_race
133,8,0.5826670842318136,0.004456069377910845,0.5826500446176097,3.236113872255489,6.239133333333333,-0.015257359989122933,4.97832666282033,5.553967196417095,3309.0,3174.372373980487,1025.8131304091708,24442637.523256473,outer_race
133,9,0.5828974156252805,0.0040922823685961415,0.5828830503348393,3.156926746506986,6.105936526946108,-0.013505313454878362,4.885029633765303,5.415921673148123,3309.0,3191.3669667942313,1000.5238415450598,24462190.831299376,outer_race
133,10,0.5827215872161201,0.00399387375249501,0.5827079003927469,3.1276884231536926,6.076698203592814,-0.009958691976332323,4.931914390022425,5.367380395320233,3309.0,3180.532283209751,1008.7938013873692,24447491.797666773,outer_race
133,11,0.5809174529774394,0.0041240249001996,0.5809028142404011,3.1276884231536926,6.026749401197605,-0.006530950174118709,4.938151134572675,5.384049673706671,3309.0,3180.5528841902587,1003.489305432709,24296261.731351975,outer_race
133,12,0.5845547774202647,0.0043563748170326,0.5845385443264702,3.159769361277445,6.12542874251497,-0.001560360307002328,4.986242506889479,5.405429026210377,3309.0,3194.705169197621,1000.3306093691726,24601342.38406004,outer_race
133,13,0.5831034451313838,0.004379115735196272,0.5830870012866575,3.159769361277445,6.12542874251497,-0.007557409889407324,4.96947870537086,5.418883026090665,3309.0,3187.0259276187303,1005.853884886251,24479312.525888357,outer_race
133,14,0.5759951800369841,0.004320436044577511,0.5759789764029782,2.9774359281437124,5.9495927145708585,0.01138722844306243,4.913347616994271,5.16920285331647,3309.0,3211.429274378838,997.8831758356042,23886128.40761677,outer_race
133,15,0.5815178236803801,0.00435464894377911,0.5815015187345103,2.9774359281437124,5.9495927145708585,0.016019465875040533,4.92611120749162,5.120111210521041,3309.0,3191.8586437573626,990.5337421294014,24346369.191522628,outer_race
133,16,0.5862555768813936,0.004297898170326015,0.5862398225094003,3.013577744510978,5.937410079840319,0.006765803830161449,4.844739610208764,5.140382221252046,3309.0,3193.6627788739984,981.4317580570371,24744753.326999567,outer_race
133,17,0.584190756339884,0.004110116392215569,0.5841762976501257,3.110632734530938,6.06289121756487,-0.0011961422962239662,4.984445325898535,5.324686672586038,3309.0,3191.1157847936815,982.5598447405162,24570860.17151761,outer_race
133,18,0.5831933499381288,0.004109405738522955,0.5831788715278812,3.110632734530938,6.06289121756487,-0.0027801491261864506,5.0155418662006195,5.333793217739788,3309.0,3188.8544844450935,982.3391695858674,24487026.929002933,outer_race
